"pathway_a","pathway_b","correlation","partial_correlation","p_value","FDR","interaction"
"HALLMARK_ESTROGEN_RESPONSE_EARLY","HALLMARK_ESTROGEN_RESPONSE_LATE",0.926090610476202,0.871259684502666,0,0,"positive"
"HALLMARK_INTERFERON_ALPHA_RESPONSE","HALLMARK_INTERFERON_GAMMA_RESPONSE",0.964480239833461,0.993897235603236,0,0,"positive"
"HALLMARK_E2F_TARGETS","HALLMARK_G2M_CHECKPOINT",0.993026348144177,0.759429083202481,4.02408258045176e-197,1.64316705368447e-194,"positive"
"HALLMARK_BILE_ACID_METABOLISM","HALLMARK_PEROXISOME",0.959909035262998,0.713561162220302,1.60289547435811e-163,4.90886739022171e-161,"positive"
"HALLMARK_ANGIOGENESIS","HALLMARK_EPITHELIAL_MESENCHYMAL_TRANSITION",0.960625677136728,0.705531485602868,2.58597399113095e-158,6.33563627827083e-156,"positive"
"HALLMARK_TNFA_SIGNALING_VIA_NFKB","HALLMARK_UV_RESPONSE_UP",0.85739161002828,0.597462416207084,3.27482925977414e-102,6.68610973870554e-100,"positive"
"HALLMARK_ALLOGRAFT_REJECTION","HALLMARK_INTERFERON_ALPHA_RESPONSE",0.581051549557452,-0.582236535993406,5.91498558431084e-96,1.0351224772544e-93,"negative"
"HALLMARK_ALLOGRAFT_REJECTION","HALLMARK_INTERFERON_GAMMA_RESPONSE",0.763078338613996,0.576076727996717,1.62368793021061e-93,2.48627214313499e-91,"positive"
"HALLMARK_GLYCOLYSIS","HALLMARK_HYPOXIA",0.740890916414435,0.555229488708554,1.23251084509265e-85,1.67758420582055e-83,"positive"
"HALLMARK_COAGULATION","HALLMARK_EPITHELIAL_MESENCHYMAL_TRANSITION",0.933503838308201,0.545096878573182,5.2916773521146e-82,6.48230475634038e-80,"positive"
"HALLMARK_G2M_CHECKPOINT","HALLMARK_MITOTIC_SPINDLE",0.958393044665652,0.516733549275818,1.81203824842672e-72,2.01795168574794e-70,"positive"
"HALLMARK_ANDROGEN_RESPONSE","HALLMARK_CHOLESTEROL_HOMEOSTASIS",0.810851870340701,0.508625404961442,6.63490168635544e-70,6.77312880482117e-68,"positive"
"HALLMARK_GLYCOLYSIS","HALLMARK_MTORC1_SIGNALING",0.873509227773293,0.499564140108365,4.0391097138131e-67,3.80608415340081e-65,"positive"
"HALLMARK_MYC_TARGETS_V1","HALLMARK_MYC_TARGETS_V2",0.890996287982986,0.474836309651675,6.20341318386758e-60,5.42798653588413e-58,"positive"
"HALLMARK_DNA_REPAIR","HALLMARK_OXIDATIVE_PHOSPHORYLATION",0.750958902069785,0.468882126716965,2.73404434902579e-58,2.23280288503773e-56,"positive"
"HALLMARK_INFLAMMATORY_RESPONSE","HALLMARK_TNFA_SIGNALING_VIA_NFKB",0.875960977731256,0.468319594574589,3.89466588912576e-58,2.98185357136191e-56,"positive"
"HALLMARK_NOTCH_SIGNALING","HALLMARK_WNT_BETA_CATENIN_SIGNALING",0.86432328930038,0.428751876040437,5.11035343090526e-48,3.68246056050526e-46,"positive"
"HALLMARK_COAGULATION","HALLMARK_COMPLEMENT",0.859744249010861,0.401158555108214,1.02371327459416e-41,6.96693756321025e-40,"positive"
"HALLMARK_DNA_REPAIR","HALLMARK_E2F_TARGETS",0.672838535055899,0.401018047145848,1.09844779612049e-41,7.08209763288208e-40,"positive"
"HALLMARK_ANGIOGENESIS","HALLMARK_KRAS_SIGNALING_UP",0.600519563198999,0.398491583280819,3.8771407549941e-41,2.37474871243389e-39,"positive"
"HALLMARK_CHOLESTEROL_HOMEOSTASIS","HALLMARK_MTORC1_SIGNALING",0.77688305686948,0.395320893824982,1.85879679029161e-40,1.08429812767011e-38,"positive"
"HALLMARK_ALLOGRAFT_REJECTION","HALLMARK_IL2_STAT5_SIGNALING",0.904026961246196,0.374622910705715,3.42230512814049e-36,1.90560171907823e-34,"positive"
"HALLMARK_G2M_CHECKPOINT","HALLMARK_P53_PATHWAY",0.0746792275227781,-0.34702435191431,5.74584667932196e-31,3.06028790529104e-29,"negative"
"HALLMARK_REACTIVE_OXYGEN_SPECIES_PATHWAY","HALLMARK_XENOBIOTIC_METABOLISM",0.704641655690193,0.338432240455595,1.91857251017595e-29,9.7927138540231e-28,"positive"
"HALLMARK_DNA_REPAIR","HALLMARK_MYC_TARGETS_V2",0.819850645746909,0.334366709731819,9.71328205960174e-29,4.75950820920485e-27,"positive"
"HALLMARK_E2F_TARGETS","HALLMARK_P53_PATHWAY",0.13504659760796,0.333561556150751,1.33541757361438e-28,6.2918712602985e-27,"positive"
"HALLMARK_APICAL_JUNCTION","HALLMARK_MYOGENESIS",0.793446576885662,0.331618150441768,2.86828594917792e-28,1.30135195842332e-26,"positive"
"HALLMARK_MITOTIC_SPINDLE","HALLMARK_SPERMATOGENESIS",0.938002265381025,0.329155100135949,7.498532351661e-28,3.28060790385169e-26,"positive"
"HALLMARK_APOPTOSIS","HALLMARK_TNFA_SIGNALING_VIA_NFKB",0.8192675183323,0.326620203025729,1.99767407211996e-27,8.43845082188603e-26,"positive"
"HALLMARK_FATTY_ACID_METABOLISM","HALLMARK_XENOBIOTIC_METABOLISM",0.842626704397646,0.325689729064549,2.85575040926838e-27,1.16609808378459e-25,"positive"
"HALLMARK_PROTEIN_SECRETION","HALLMARK_UNFOLDED_PROTEIN_RESPONSE",0.854793374778158,0.318706084858837,4.01211178247312e-26,1.58543126888051e-24,"positive"
"HALLMARK_ADIPOGENESIS","HALLMARK_OXIDATIVE_PHOSPHORYLATION",0.606882148407315,0.312673992158869,3.71967396108656e-25,1.38078806131243e-23,"positive"
"HALLMARK_PANCREAS_BETA_CELLS","HALLMARK_PROTEIN_SECRETION",0.720783414083559,0.31268376610581,3.7064295684234e-25,1.38078806131243e-23,"positive"
"HALLMARK_EPITHELIAL_MESENCHYMAL_TRANSITION","HALLMARK_KRAS_SIGNALING_UP",0.638091514113727,-0.312188539361153,4.43990618955659e-25,1.59967208300201e-23,"negative"
"HALLMARK_ADIPOGENESIS","HALLMARK_REACTIVE_OXYGEN_SPECIES_PATHWAY",0.766187185682698,0.307926596060883,2.0706586641775e-24,7.24730532462126e-23,"positive"
"HALLMARK_TGF_BETA_SIGNALING","HALLMARK_UV_RESPONSE_DN",0.887598695956933,0.304705741347177,6.51979684089763e-24,2.21854198058322e-22,"positive"
"HALLMARK_MTORC1_SIGNALING","HALLMARK_UNFOLDED_PROTEIN_RESPONSE",0.755708938036486,0.299608166793031,3.88999460385357e-23,1.28790361884341e-21,"positive"
"HALLMARK_ADIPOGENESIS","HALLMARK_FATTY_ACID_METABOLISM",0.818265506564486,0.290022766270135,1.01639583985597e-21,3.27653922058832e-20,"positive"
"HALLMARK_HYPOXIA","HALLMARK_TNFA_SIGNALING_VIA_NFKB",0.757422871258619,0.286259997760516,3.53757822691511e-21,1.11116239178744e-19,"positive"
"HALLMARK_IL6_JAK_STAT3_SIGNALING","HALLMARK_INFLAMMATORY_RESPONSE",0.968660424941951,0.282304605847562,1.28608385492112e-20,3.93863180569592e-19,"positive"
"HALLMARK_ANDROGEN_RESPONSE","HALLMARK_MTORC1_SIGNALING",0.721347965505642,0.281108028135044,1.892696337983e-20,5.65500735129066e-19,"positive"
"HALLMARK_FATTY_ACID_METABOLISM","HALLMARK_G2M_CHECKPOINT",0.161327218118676,-0.273225693809545,2.30223929336413e-19,6.71486460564539e-18,"negative"
"HALLMARK_FATTY_ACID_METABOLISM","HALLMARK_PEROXISOME",0.924975121608599,0.272378426828746,2.99702762914182e-19,8.53804382720635e-18,"positive"
"HALLMARK_HYPOXIA","HALLMARK_MYOGENESIS",0.736823968929088,0.264723066588245,3.11429591727197e-18,8.47780555257369e-17,"positive"
"HALLMARK_IL6_JAK_STAT3_SIGNALING","HALLMARK_TNFA_SIGNALING_VIA_NFKB",0.884613744453356,0.264774240130619,3.06670718019113e-18,8.47780555257369e-17,"positive"
"HALLMARK_APICAL_JUNCTION","HALLMARK_PI3K_AKT_MTOR_SIGNALING",0.825643001531418,0.264060430578063,3.80035840662767e-18,1.01205196698237e-16,"positive"
"HALLMARK_MTORC1_SIGNALING","HALLMARK_OXIDATIVE_PHOSPHORYLATION",0.559816353157043,0.262641591646718,5.80957502923204e-18,1.51419774698069e-16,"positive"
"HALLMARK_E2F_TARGETS","HALLMARK_OXIDATIVE_PHOSPHORYLATION",0.353561243829909,-0.259641797546519,1.41312431655084e-17,3.60641101619745e-16,"negative"
"HALLMARK_ALLOGRAFT_REJECTION","HALLMARK_COMPLEMENT",0.850067239993789,0.257219886977928,2.87233036497322e-17,7.18082591243304e-16,"positive"
"HALLMARK_EPITHELIAL_MESENCHYMAL_TRANSITION","HALLMARK_MYOGENESIS",0.812712451613785,0.25699073846349,3.0705354135714e-17,7.52281176324992e-16,"positive"
"HALLMARK_P53_PATHWAY","HALLMARK_WNT_BETA_CATENIN_SIGNALING",0.799665088596154,0.25275524351255,1.04158333567148e-16,2.50184232587758e-15,"positive"
"HALLMARK_DNA_REPAIR","HALLMARK_MTORC1_SIGNALING",0.731104841007745,-0.251959601597248,1.30693473657771e-16,3.07883663905325e-15,"negative"
"HALLMARK_KRAS_SIGNALING_DN","HALLMARK_MYOGENESIS",0.432796784235436,0.251621304891034,1.43898419553468e-16,3.32595403684903e-15,"positive"
"HALLMARK_ALLOGRAFT_REJECTION","HALLMARK_INFLAMMATORY_RESPONSE",0.942912733670964,0.250029180868341,2.25920158188867e-16,5.12504062558079e-15,"positive"
"HALLMARK_FATTY_ACID_METABOLISM","HALLMARK_OXIDATIVE_PHOSPHORYLATION",0.596589872589429,0.238887149946681,4.86029950777221e-15,1.08252125400381e-13,"positive"
"HALLMARK_ALLOGRAFT_REJECTION","HALLMARK_TNFA_SIGNALING_VIA_NFKB",0.745035796317753,-0.238367290480382,5.58755397349554e-15,1.22227743170215e-13,"negative"
"HALLMARK_INTERFERON_GAMMA_RESPONSE","HALLMARK_KRAS_SIGNALING_UP",0.657276837481571,-0.238274728332251,5.72781880463188e-15,1.23097860274983e-13,"negative"
"HALLMARK_COAGULATION","HALLMARK_KRAS_SIGNALING_UP",0.802385348260757,0.237567767368589,6.91955568283807e-15,1.46145788128908e-13,"positive"
"HALLMARK_G2M_CHECKPOINT","HALLMARK_SPERMATOGENESIS",0.986870476693205,0.236694717838067,8.73144957952376e-15,1.81288571778247e-13,"positive"
"HALLMARK_DNA_REPAIR","HALLMARK_HEME_METABOLISM",0.746294314984634,0.229969122914538,5.07809231802195e-14,1.03677718159615e-12,"positive"
"HALLMARK_EPITHELIAL_MESENCHYMAL_TRANSITION","HALLMARK_UV_RESPONSE_DN",0.8648596036768,0.228580910440614,7.25369239758284e-14,1.45668412902278e-12,"positive"
"HALLMARK_ALLOGRAFT_REJECTION","HALLMARK_KRAS_SIGNALING_UP",0.858981850775387,0.226469357070647,1.24215001139278e-13,2.4542480063809e-12,"positive"
"HALLMARK_INTERFERON_ALPHA_RESPONSE","HALLMARK_KRAS_SIGNALING_UP",0.478573014689481,0.226377747700247,1.27132522156123e-13,2.47202126414684e-12,"positive"
"HALLMARK_PI3K_AKT_MTOR_SIGNALING","HALLMARK_TNFA_SIGNALING_VIA_NFKB",0.483138855754764,-0.22605824132647,1.37843905721204e-13,2.63841850794492e-12,"negative"
"HALLMARK_IL2_STAT5_SIGNALING","HALLMARK_IL6_JAK_STAT3_SIGNALING",0.935338971176112,0.22543102324818,1.61509350703982e-13,3.04383007095965e-12,"positive"
"HALLMARK_APICAL_JUNCTION","HALLMARK_COAGULATION",0.806667971962923,0.224731671937353,1.92610321294208e-13,3.57496429674856e-12,"positive"
"HALLMARK_APICAL_JUNCTION","HALLMARK_MITOTIC_SPINDLE",0.396072423048062,0.223786418413832,2.44145663491497e-13,4.46385728025499e-12,"positive"
"HALLMARK_HEDGEHOG_SIGNALING","HALLMARK_WNT_BETA_CATENIN_SIGNALING",0.792329532675353,0.223319927753092,2.74343141828643e-13,4.94221101088365e-12,"positive"
"HALLMARK_EPITHELIAL_MESENCHYMAL_TRANSITION","HALLMARK_GLYCOLYSIS",0.503372236781982,0.222554725828097,3.31989519763115e-13,5.89401683637415e-12,"positive"
"HALLMARK_MYC_TARGETS_V1","HALLMARK_PANCREAS_BETA_CELLS",0.473799836097383,0.218429053974823,9.1724840492853e-13,1.60518470862493e-11,"positive"
"HALLMARK_APICAL_JUNCTION","HALLMARK_GLYCOLYSIS",0.708715134305612,0.213808811114815,2.79474566036331e-12,4.82192032950008e-11,"positive"
"HALLMARK_ESTROGEN_RESPONSE_LATE","HALLMARK_WNT_BETA_CATENIN_SIGNALING",0.546085838301645,-0.212773351711395,3.57502045837278e-12,6.08250008542592e-11,"negative"
"HALLMARK_G2M_CHECKPOINT","HALLMARK_OXIDATIVE_PHOSPHORYLATION",0.304359216886522,0.211942834349682,4.35164288511163e-12,7.30241443049554e-11,"positive"
"HALLMARK_HYPOXIA","HALLMARK_UV_RESPONSE_UP",0.850796507906666,0.211885037904394,4.41145073938662e-12,7.30273939966029e-11,"positive"
"HALLMARK_APICAL_JUNCTION","HALLMARK_CHOLESTEROL_HOMEOSTASIS",0.455003172039718,0.210471550758793,6.15222491575395e-12,1.00486340290648e-10,"positive"
"HALLMARK_DNA_REPAIR","HALLMARK_TGF_BETA_SIGNALING",0.504493583010602,0.210391666145543,6.26852785087121e-12,1.0103877128049e-10,"positive"
"HALLMARK_ESTROGEN_RESPONSE_LATE","HALLMARK_MITOTIC_SPINDLE",0.2430317504677,-0.210260850152766,6.46364370873856e-12,1.02830695366295e-10,"negative"
"HALLMARK_ADIPOGENESIS","HALLMARK_CHOLESTEROL_HOMEOSTASIS",0.515486410703427,0.209491959044223,7.73648459797614e-12,1.21502482468215e-10,"positive"
"HALLMARK_CHOLESTEROL_HOMEOSTASIS","HALLMARK_TNFA_SIGNALING_VIA_NFKB",0.103245159471845,0.209263923781852,8.15902828099483e-12,1.2651657777492e-10,"positive"
"HALLMARK_CHOLESTEROL_HOMEOSTASIS","HALLMARK_MYC_TARGETS_V1",0.555196088987897,-0.209169976670444,8.33960427409492e-12,1.27700190447078e-10,"negative"
"HALLMARK_INFLAMMATORY_RESPONSE","HALLMARK_KRAS_SIGNALING_UP",0.921803351983116,0.208112907082451,1.06612116044677e-11,1.6123437303053e-10,"positive"
"HALLMARK_GLYCOLYSIS","HALLMARK_INTERFERON_ALPHA_RESPONSE",0.288205991103463,0.207814484236553,1.14239277166519e-11,1.70662334791446e-10,"positive"
"HALLMARK_MYC_TARGETS_V2","HALLMARK_OXIDATIVE_PHOSPHORYLATION",0.580077291663294,-0.207232080335837,1.30692527730616e-11,1.92889574060246e-10,"negative"
"HALLMARK_DNA_REPAIR","HALLMARK_UV_RESPONSE_DN",0.279181705987658,-0.206590493772276,1.51504299301978e-11,2.20943769815385e-10,"negative"
"HALLMARK_E2F_TARGETS","HALLMARK_FATTY_ACID_METABOLISM",0.219475701666643,0.206497732861266,1.54769731255827e-11,2.21366247732344e-10,"positive"
"HALLMARK_GLYCOLYSIS","HALLMARK_INTERFERON_GAMMA_RESPONSE",0.343011354354849,-0.206479821459385,1.55408141265156e-11,2.21366247732344e-10,"negative"
"HALLMARK_ADIPOGENESIS","HALLMARK_UV_RESPONSE_DN",0.537025710997078,0.205178377909812,2.09380434222575e-11,2.94817278072016e-10,"positive"
"HALLMARK_CHOLESTEROL_HOMEOSTASIS","HALLMARK_IL6_JAK_STAT3_SIGNALING",0.148550996651346,-0.202826939844329,3.57006702113234e-11,4.9696955691899e-10,"negative"
"HALLMARK_MITOTIC_SPINDLE","HALLMARK_PROTEIN_SECRETION",0.523832377748823,0.202331829849401,3.99130741650937e-11,5.4936534665438e-10,"positive"
"HALLMARK_ESTROGEN_RESPONSE_EARLY","HALLMARK_TGF_BETA_SIGNALING",0.535466761697452,-0.201836180384886,4.46152237963579e-11,6.07262768339315e-10,"negative"
"HALLMARK_ESTROGEN_RESPONSE_EARLY","HALLMARK_UNFOLDED_PROTEIN_RESPONSE",0.616525947894354,0.200564235356396,5.92979921474657e-11,7.98242201985116e-10,"positive"
"HALLMARK_ESTROGEN_RESPONSE_EARLY","HALLMARK_MITOTIC_SPINDLE",-0.00462719101718153,0.200339018106315,6.23494836612099e-11,8.30196929184589e-10,"positive"
