"full_barcode","patient_id","sample_type_label"
"TCGA-A8-A09E-01A-11R-A00Z-07","TCGA-A8-A09E","Primary Tumor"
"TCGA-A7-A0DC-01A-11R-A00Z-07","TCGA-A7-A0DC","Primary Tumor"
"TCGA-A7-A0DC-11A-41R-A089-07","TCGA-A7-A0DC","Solid Tissue Normal"
"TCGA-A7-A0DC-01B-04R-A22O-07","TCGA-A7-A0DC","Primary Tumor"
"TCGA-A8-A08F-01A-11R-A00Z-07","TCGA-A8-A08F","Primary Tumor"
"TCGA-A8-A091-01A-11R-A00Z-07","TCGA-A8-A091","Primary Tumor"
"TCGA-GI-A2C8-11A-22R-A16F-07","TCGA-GI-A2C8","Solid Tissue Normal"
"TCGA-E2-A1L7-11A-33R-A144-07","TCGA-E2-A1L7","Solid Tissue Normal"
"TCGA-AO-A0JI-01A-21R-A056-07","TCGA-AO-A0JI","Primary Tumor"
"TCGA-A2-A0D4-01A-11R-A00Z-07","TCGA-A2-A0D4","Primary Tumor"
"TCGA-AC-A62V-01A-11R-A31O-07","TCGA-AC-A62V","Primary Tumor"
"TCGA-D8-A1XB-01A-11R-A14D-07","TCGA-D8-A1XB","Primary Tumor"
"TCGA-OL-A6VQ-01A-12R-A41B-07","TCGA-OL-A6VQ","Primary Tumor"
"TCGA-B6-A0WV-01A-11R-A109-07","TCGA-B6-A0WV","Primary Tumor"
"TCGA-LL-A442-01A-11R-A24H-07","TCGA-LL-A442","Primary Tumor"
"TCGA-E9-A22G-01A-11R-A157-07","TCGA-E9-A22G","Primary Tumor"
"TCGA-PE-A5DC-01A-12R-A27Q-07","TCGA-PE-A5DC","Primary Tumor"
"TCGA-A2-A0EP-01A-52R-A22U-07","TCGA-A2-A0EP","Primary Tumor"
"TCGA-AN-A0AK-01A-21R-A00Z-07","TCGA-AN-A0AK","Primary Tumor"
"TCGA-BH-A28Q-01A-11R-A16F-07","TCGA-BH-A28Q","Primary Tumor"
"TCGA-A2-A259-01A-11R-A16F-07","TCGA-A2-A259","Primary Tumor"
"TCGA-AC-A2FF-01A-11R-A17B-07","TCGA-AC-A2FF","Primary Tumor"
"TCGA-AC-A2FG-01A-11R-A17B-07","TCGA-AC-A2FG","Primary Tumor"
"TCGA-BH-A0B0-01A-21R-A115-07","TCGA-BH-A0B0","Primary Tumor"
"TCGA-AO-A0JD-01A-11R-A056-07","TCGA-AO-A0JD","Primary Tumor"
"TCGA-AO-A128-01A-11R-A10J-07","TCGA-AO-A128","Primary Tumor"
"TCGA-BH-A1FE-01A-11R-A13Q-07","TCGA-BH-A1FE","Primary Tumor"
"TCGA-BH-A0BM-01A-11R-A056-07","TCGA-BH-A0BM","Primary Tumor"
"TCGA-AN-A0FZ-01A-11R-A034-07","TCGA-AN-A0FZ","Primary Tumor"
"TCGA-BH-A1FE-11B-14R-A13Q-07","TCGA-BH-A1FE","Solid Tissue Normal"
"TCGA-A8-A07F-01A-11R-A00Z-07","TCGA-A8-A07F","Primary Tumor"
"TCGA-A2-A0EO-01A-11R-A034-07","TCGA-A2-A0EO","Primary Tumor"
"TCGA-A1-A0SP-01A-11R-A084-07","TCGA-A1-A0SP","Primary Tumor"
"TCGA-BH-A1F8-11B-21R-A13Q-07","TCGA-BH-A1F8","Solid Tissue Normal"
"TCGA-A2-A3XT-01A-11R-A22U-07","TCGA-A2-A3XT","Primary Tumor"
"TCGA-BH-A5J0-01A-11R-A27Q-07","TCGA-BH-A5J0","Primary Tumor"
"TCGA-A8-A08I-01A-11R-A00Z-07","TCGA-A8-A08I","Primary Tumor"
"TCGA-A7-A26F-01A-21R-A169-07","TCGA-A7-A26F","Primary Tumor"
"TCGA-AR-A255-01A-11R-A169-07","TCGA-AR-A255","Primary Tumor"
"TCGA-AO-A0J8-01A-21R-A034-07","TCGA-AO-A0J8","Primary Tumor"
"TCGA-C8-A278-01A-11R-A169-07","TCGA-C8-A278","Primary Tumor"
"TCGA-AC-A3W7-01A-11R-A22K-07","TCGA-AC-A3W7","Primary Tumor"
"TCGA-B6-A0IE-01A-11R-A034-07","TCGA-B6-A0IE","Primary Tumor"
"TCGA-UL-AAZ6-01A-11R-A41B-07","TCGA-UL-AAZ6","Primary Tumor"
"TCGA-A2-A0CL-01A-11R-A115-07","TCGA-A2-A0CL","Primary Tumor"
"TCGA-BH-A6R8-01A-21R-A33J-07","TCGA-BH-A6R8","Primary Tumor"
"TCGA-AC-A23E-01A-11R-A157-07","TCGA-AC-A23E","Primary Tumor"
"TCGA-AC-A3HN-01A-11R-A213-07","TCGA-AC-A3HN","Primary Tumor"
"TCGA-E2-A108-01A-13R-A10J-07","TCGA-E2-A108","Primary Tumor"
"TCGA-3C-AALK-01A-11R-A41B-07","TCGA-3C-AALK","Primary Tumor"
"TCGA-BH-A0DP-11A-12R-A089-07","TCGA-BH-A0DP","Solid Tissue Normal"
"TCGA-AO-A0J9-01A-11R-A034-07","TCGA-AO-A0J9","Primary Tumor"
"TCGA-A7-A26G-01A-21R-A169-07","TCGA-A7-A26G","Primary Tumor"
"TCGA-E2-A1IJ-01A-11R-A144-07","TCGA-E2-A1IJ","Primary Tumor"
"TCGA-BH-A0B4-01A-11R-A00Z-07","TCGA-BH-A0B4","Primary Tumor"
"TCGA-BH-A0B6-01A-11R-A19W-07","TCGA-BH-A0B6","Primary Tumor"
"TCGA-BH-A0B5-11A-23R-A12P-07","TCGA-BH-A0B5","Solid Tissue Normal"
"TCGA-BH-A1F6-11B-94R-A13Q-07","TCGA-BH-A1F6","Solid Tissue Normal"
"TCGA-A8-A07R-01A-21R-A034-07","TCGA-A8-A07R","Primary Tumor"
"TCGA-E9-A54Y-01A-11R-A466-07","TCGA-E9-A54Y","Primary Tumor"
"TCGA-E2-A1L6-01A-11R-A13Q-07","TCGA-E2-A1L6","Primary Tumor"
"TCGA-EW-A1J5-01A-11R-A13Q-07","TCGA-EW-A1J5","Primary Tumor"
"TCGA-EW-A6S9-01A-22R-A33J-07","TCGA-EW-A6S9","Primary Tumor"
"TCGA-AC-A6IV-01A-12R-A33J-07","TCGA-AC-A6IV","Primary Tumor"
"TCGA-E2-A1LB-01A-11R-A144-07","TCGA-E2-A1LB","Primary Tumor"
"TCGA-A8-A07J-01A-11R-A00Z-07","TCGA-A8-A07J","Primary Tumor"
"TCGA-EW-A6SB-01A-12R-A32P-07","TCGA-EW-A6SB","Primary Tumor"
"TCGA-A8-A06X-01A-21R-A00Z-07","TCGA-A8-A06X","Primary Tumor"
"TCGA-A2-A0YI-01A-31R-A10J-07","TCGA-A2-A0YI","Primary Tumor"
"TCGA-C8-A26X-01A-31R-A16F-07","TCGA-C8-A26X","Primary Tumor"
"TCGA-BH-A0BV-11A-31R-A089-07","TCGA-BH-A0BV","Solid Tissue Normal"
"TCGA-AC-A6IX-06A-11R-A32P-07","TCGA-AC-A6IX","Metastatic"
"TCGA-C8-A12T-01A-11R-A115-07","TCGA-C8-A12T","Primary Tumor"
"TCGA-D8-A1XA-01A-11R-A14D-07","TCGA-D8-A1XA","Primary Tumor"
"TCGA-E2-A15A-06A-11R-A12D-07","TCGA-E2-A15A","Metastatic"
"TCGA-E2-A1IF-01A-11R-A144-07","TCGA-E2-A1IF","Primary Tumor"
"TCGA-AR-A24S-01A-11R-A169-07","TCGA-AR-A24S","Primary Tumor"
"TCGA-B6-A408-01A-12R-A24H-07","TCGA-B6-A408","Primary Tumor"
"TCGA-PL-A8LY-01A-11R-A41B-07","TCGA-PL-A8LY","Primary Tumor"
"TCGA-A7-A0CE-01A-11R-A00Z-07","TCGA-A7-A0CE","Primary Tumor"
"TCGA-AC-A6IX-01A-12R-A32P-07","TCGA-AC-A6IX","Primary Tumor"
"TCGA-AR-A24W-01A-11R-A169-07","TCGA-AR-A24W","Primary Tumor"
"TCGA-BH-A18V-11A-52R-A12D-07","TCGA-BH-A18V","Solid Tissue Normal"
"TCGA-AN-A0FS-01A-11R-A034-07","TCGA-AN-A0FS","Primary Tumor"
"TCGA-AR-A0TY-01A-12R-A115-07","TCGA-AR-A0TY","Primary Tumor"
"TCGA-EW-A1PG-01A-11R-A144-07","TCGA-EW-A1PG","Primary Tumor"
"TCGA-A7-A3J0-01A-11R-A213-07","TCGA-A7-A3J0","Primary Tumor"
"TCGA-E2-A1BD-01A-11R-A12P-07","TCGA-E2-A1BD","Primary Tumor"
"TCGA-OL-A5D8-01A-11R-A27Q-07","TCGA-OL-A5D8","Primary Tumor"
"TCGA-BH-A18Q-01A-12R-A12D-07","TCGA-BH-A18Q","Primary Tumor"
"TCGA-BH-A18Q-11A-34R-A12D-07","TCGA-BH-A18Q","Solid Tissue Normal"
"TCGA-E2-A10E-01A-21R-A10J-07","TCGA-E2-A10E","Primary Tumor"
"TCGA-A8-A08H-01A-21R-A00Z-07","TCGA-A8-A08H","Primary Tumor"
"TCGA-BH-A0DD-11A-23R-A12P-07","TCGA-BH-A0DD","Solid Tissue Normal"
"TCGA-C8-A1HG-01A-11R-A137-07","TCGA-C8-A1HG","Primary Tumor"
"TCGA-D8-A1JS-01A-11R-A13Q-07","TCGA-D8-A1JS","Primary Tumor"
"TCGA-E2-A15G-01A-11R-A12D-07","TCGA-E2-A15G","Primary Tumor"
"TCGA-BH-A0HW-01A-11R-A034-07","TCGA-BH-A0HW","Primary Tumor"
"TCGA-A2-A25E-01A-11R-A169-07","TCGA-A2-A25E","Primary Tumor"
"TCGA-A8-A08C-01A-11R-A00Z-07","TCGA-A8-A08C","Primary Tumor"
"TCGA-A2-A25C-01A-11R-A169-07","TCGA-A2-A25C","Primary Tumor"
"TCGA-UU-A93S-01A-21R-A41B-07","TCGA-UU-A93S","Primary Tumor"
"TCGA-BH-A0C3-11A-23R-A12P-07","TCGA-BH-A0C3","Solid Tissue Normal"
"TCGA-BH-A0WA-01A-11R-A109-07","TCGA-BH-A0WA","Primary Tumor"
"TCGA-BH-A6R9-01A-21R-A32P-07","TCGA-BH-A6R9","Primary Tumor"
"TCGA-GM-A2DN-01A-11R-A180-07","TCGA-GM-A2DN","Primary Tumor"
"TCGA-C8-A12L-01A-11R-A115-07","TCGA-C8-A12L","Primary Tumor"
"TCGA-AR-A1AN-01A-11R-A12P-07","TCGA-AR-A1AN","Primary Tumor"
"TCGA-BH-A18S-11A-43R-A12D-07","TCGA-BH-A18S","Solid Tissue Normal"
"TCGA-A8-A08O-01A-21R-A056-07","TCGA-A8-A08O","Primary Tumor"
"TCGA-AQ-A54N-01A-11R-A266-07","TCGA-AQ-A54N","Primary Tumor"
"TCGA-A8-A09W-01A-11R-A00Z-07","TCGA-A8-A09W","Primary Tumor"
"TCGA-AR-A0TU-01A-31R-A109-07","TCGA-AR-A0TU","Primary Tumor"
"TCGA-E2-A1LA-01A-11R-A144-07","TCGA-E2-A1LA","Primary Tumor"
"TCGA-A7-A13E-01A-11R-A12P-07","TCGA-A7-A13E","Primary Tumor"
"TCGA-EW-A1OZ-01A-11R-A144-07","TCGA-EW-A1OZ","Primary Tumor"
"TCGA-BH-A0DZ-01A-11R-A00Z-07","TCGA-BH-A0DZ","Primary Tumor"
"TCGA-AR-A24X-01A-11R-A169-07","TCGA-AR-A24X","Primary Tumor"
"TCGA-S3-AA14-01A-11R-A41B-07","TCGA-S3-AA14","Primary Tumor"
"TCGA-AO-A12F-01A-11R-A115-07","TCGA-AO-A12F","Primary Tumor"
"TCGA-S3-AA0Z-01A-11R-A41B-07","TCGA-S3-AA0Z","Primary Tumor"
"TCGA-E2-A10F-01A-11R-A10J-07","TCGA-E2-A10F","Primary Tumor"
"TCGA-A7-A2KD-01A-31R-A21T-07","TCGA-A7-A2KD","Primary Tumor"
"TCGA-E9-A3X8-01A-31R-A22U-07","TCGA-E9-A3X8","Primary Tumor"
"TCGA-D8-A73U-01A-11R-A33J-07","TCGA-D8-A73U","Primary Tumor"
"TCGA-B6-A0IG-01A-11R-A034-07","TCGA-B6-A0IG","Primary Tumor"
"TCGA-OL-A66I-01A-21R-A29R-07","TCGA-OL-A66I","Primary Tumor"
"TCGA-EW-A6SC-01A-12R-A32P-07","TCGA-EW-A6SC","Primary Tumor"
"TCGA-AN-A0XS-01A-22R-A109-07","TCGA-AN-A0XS","Primary Tumor"
"TCGA-LD-A74U-01A-13R-A33J-07","TCGA-LD-A74U","Primary Tumor"
"TCGA-E9-A22B-01A-11R-A157-07","TCGA-E9-A22B","Primary Tumor"
"TCGA-BH-A1EV-01A-11R-A137-07","TCGA-BH-A1EV","Primary Tumor"
"TCGA-BH-A1FC-11A-32R-A13Q-07","TCGA-BH-A1FC","Solid Tissue Normal"
"TCGA-LL-A5YO-01A-21R-A28M-07","TCGA-LL-A5YO","Primary Tumor"
"TCGA-BH-A0E1-01A-11R-A056-07","TCGA-BH-A0E1","Primary Tumor"
"TCGA-BH-A0E1-11A-13R-A089-07","TCGA-BH-A0E1","Solid Tissue Normal"
"TCGA-AR-A1AQ-01A-11R-A12P-07","TCGA-AR-A1AQ","Primary Tumor"
"TCGA-A7-A6VW-01A-21R-A33J-07","TCGA-A7-A6VW","Primary Tumor"
"TCGA-XX-A899-01A-11R-A36F-07","TCGA-XX-A899","Primary Tumor"
"TCGA-AC-A3TN-01A-11R-A22K-07","TCGA-AC-A3TN","Primary Tumor"
"TCGA-EW-A1PF-01A-11R-A144-07","TCGA-EW-A1PF","Primary Tumor"
"TCGA-AN-A04D-01A-21R-A034-07","TCGA-AN-A04D","Primary Tumor"
"TCGA-BH-A0BA-01A-11R-A056-07","TCGA-BH-A0BA","Primary Tumor"
"TCGA-B6-A0RI-01A-11R-A056-07","TCGA-B6-A0RI","Primary Tumor"
"TCGA-AR-A24N-01A-11R-A169-07","TCGA-AR-A24N","Primary Tumor"
"TCGA-BH-A0H5-11A-62R-A115-07","TCGA-BH-A0H5","Solid Tissue Normal"
"TCGA-E2-A3DX-01A-21R-A213-07","TCGA-E2-A3DX","Primary Tumor"
"TCGA-AC-A3W6-01A-12R-A22K-07","TCGA-AC-A3W6","Primary Tumor"
"TCGA-A7-A425-01A-11R-A24H-07","TCGA-A7-A425","Primary Tumor"
"TCGA-E2-A15C-01A-31R-A12D-07","TCGA-E2-A15C","Primary Tumor"
"TCGA-LD-A7W6-01A-81R-A352-07","TCGA-LD-A7W6","Primary Tumor"
"TCGA-A7-A5ZV-01A-11R-A28M-07","TCGA-A7-A5ZV","Primary Tumor"
"TCGA-BH-A1FN-11A-34R-A13Q-07","TCGA-BH-A1FN","Solid Tissue Normal"
"TCGA-E2-A1LH-01A-11R-A14D-07","TCGA-E2-A1LH","Primary Tumor"
"TCGA-GM-A3NW-01A-21R-A22K-07","TCGA-GM-A3NW","Primary Tumor"
"TCGA-D8-A1J9-01A-11R-A13Q-07","TCGA-D8-A1J9","Primary Tumor"
"TCGA-C8-A8HR-01A-11R-A36F-07","TCGA-C8-A8HR","Primary Tumor"
"TCGA-D8-A1JF-01A-11R-A13Q-07","TCGA-D8-A1JF","Primary Tumor"
"TCGA-E9-A1R7-11A-42R-A14M-07","TCGA-E9-A1R7","Solid Tissue Normal"
"TCGA-BH-A0BJ-11A-23R-A089-07","TCGA-BH-A0BJ","Solid Tissue Normal"
"TCGA-E2-A1B4-01A-11R-A12P-07","TCGA-E2-A1B4","Primary Tumor"
"TCGA-EW-A423-01A-11R-A24H-07","TCGA-EW-A423","Primary Tumor"
"TCGA-D8-A27T-01A-11R-A16F-07","TCGA-D8-A27T","Primary Tumor"
"TCGA-BH-A208-01A-11R-A157-07","TCGA-BH-A208","Primary Tumor"
"TCGA-AO-A03T-01A-21R-A034-07","TCGA-AO-A03T","Primary Tumor"
"TCGA-BH-A208-11A-51R-A157-07","TCGA-BH-A208","Solid Tissue Normal"
"TCGA-BH-A0E9-01B-11R-A115-07","TCGA-BH-A0E9","Primary Tumor"
"TCGA-BH-A2L8-01A-11R-A18M-07","TCGA-BH-A2L8","Primary Tumor"
"TCGA-A2-A0YH-01A-11R-A109-07","TCGA-A2-A0YH","Primary Tumor"
"TCGA-AN-A0FT-01A-11R-A034-07","TCGA-AN-A0FT","Primary Tumor"
"TCGA-AO-A03V-01A-11R-A115-07","TCGA-AO-A03V","Primary Tumor"
"TCGA-AR-A1AH-01A-11R-A12D-07","TCGA-AR-A1AH","Primary Tumor"
"TCGA-AC-A23H-11A-12R-A157-07","TCGA-AC-A23H","Solid Tissue Normal"
"TCGA-EW-A1J3-01A-11R-A13Q-07","TCGA-EW-A1J3","Primary Tumor"
"TCGA-AN-A0AS-01A-11R-A00Z-07","TCGA-AN-A0AS","Primary Tumor"
"TCGA-B6-A0X7-01A-11R-A10J-07","TCGA-B6-A0X7","Primary Tumor"
"TCGA-D8-A141-01A-11R-A115-07","TCGA-D8-A141","Primary Tumor"
"TCGA-E9-A1RC-11A-33R-A157-07","TCGA-E9-A1RC","Solid Tissue Normal"
"TCGA-E9-A1RC-01A-11R-A157-07","TCGA-E9-A1RC","Primary Tumor"
"TCGA-A2-A4RY-01A-31R-A266-07","TCGA-A2-A4RY","Primary Tumor"
"TCGA-OL-A5S0-01A-11R-A28M-07","TCGA-OL-A5S0","Primary Tumor"
"TCGA-AC-A8OR-01A-21R-A41B-07","TCGA-AC-A8OR","Primary Tumor"
"TCGA-A2-A0CK-01A-11R-A22K-07","TCGA-A2-A0CK","Primary Tumor"
"TCGA-E2-A56Z-01A-12R-A29R-07","TCGA-E2-A56Z","Primary Tumor"
"TCGA-A7-A13E-01A-11R-A277-07","TCGA-A7-A13E","Primary Tumor"
"TCGA-B6-A0RV-01A-11R-A084-07","TCGA-B6-A0RV","Primary Tumor"
"TCGA-E9-A1R6-01A-11R-A14D-07","TCGA-E9-A1R6","Primary Tumor"
"TCGA-BH-A0C7-01B-11R-A115-07","TCGA-BH-A0C7","Primary Tumor"
"TCGA-E2-A570-01A-11R-A29R-07","TCGA-E2-A570","Primary Tumor"
"TCGA-BH-A0AY-01A-21R-A00Z-07","TCGA-BH-A0AY","Primary Tumor"
"TCGA-E2-A1LS-01A-12R-A157-07","TCGA-E2-A1LS","Primary Tumor"
"TCGA-A8-A09N-01A-11R-A00Z-07","TCGA-A8-A09N","Primary Tumor"
"TCGA-A8-A09D-01A-11R-A00Z-07","TCGA-A8-A09D","Primary Tumor"
"TCGA-C8-A135-01A-11R-A115-07","TCGA-C8-A135","Primary Tumor"
"TCGA-A2-A0T5-01A-21R-A084-07","TCGA-A2-A0T5","Primary Tumor"
"TCGA-D8-A1J8-01A-11R-A13Q-07","TCGA-D8-A1J8","Primary Tumor"
"TCGA-C8-A133-01A-32R-A12D-07","TCGA-C8-A133","Primary Tumor"
"TCGA-EW-A1IY-01A-11R-A13Q-07","TCGA-EW-A1IY","Primary Tumor"
"TCGA-BH-A1FC-01A-11R-A13Q-07","TCGA-BH-A1FC","Primary Tumor"
"TCGA-AR-A0TV-01A-21R-A084-07","TCGA-AR-A0TV","Primary Tumor"
"TCGA-E9-A1N9-11A-71R-A14D-07","TCGA-E9-A1N9","Solid Tissue Normal"
"TCGA-D8-A4Z1-01A-21R-A266-07","TCGA-D8-A4Z1","Primary Tumor"
"TCGA-AO-A1KR-01A-12R-A144-07","TCGA-AO-A1KR","Primary Tumor"
"TCGA-E2-A14X-01A-11R-A115-07","TCGA-E2-A14X","Primary Tumor"
"TCGA-OL-A5RU-01A-11R-A28M-07","TCGA-OL-A5RU","Primary Tumor"
"TCGA-PL-A8LX-01A-11R-A41B-07","TCGA-PL-A8LX","Primary Tumor"
"TCGA-E9-A1N5-01A-11R-A14D-07","TCGA-E9-A1N5","Primary Tumor"
"TCGA-S3-AA17-01A-11R-A41B-07","TCGA-S3-AA17","Primary Tumor"
"TCGA-A2-A0YE-01A-11R-A109-07","TCGA-A2-A0YE","Primary Tumor"
"TCGA-AC-A3EH-01A-22R-A22K-07","TCGA-AC-A3EH","Primary Tumor"
"TCGA-B6-A40B-01A-11R-A239-07","TCGA-B6-A40B","Primary Tumor"
"TCGA-D8-A147-01A-11R-A115-07","TCGA-D8-A147","Primary Tumor"
"TCGA-BH-A0HO-01A-11R-A034-07","TCGA-BH-A0HO","Primary Tumor"
"TCGA-AN-A049-01A-21R-A00Z-07","TCGA-AN-A049","Primary Tumor"
"TCGA-A2-A0CP-01A-11R-A034-07","TCGA-A2-A0CP","Primary Tumor"
"TCGA-C8-A1HM-01A-12R-A137-07","TCGA-C8-A1HM","Primary Tumor"
"TCGA-BH-A0BC-01A-22R-A084-07","TCGA-BH-A0BC","Primary Tumor"
"TCGA-A8-A08L-01A-11R-A00Z-07","TCGA-A8-A08L","Primary Tumor"
"TCGA-E2-A14Q-01A-11R-A12D-07","TCGA-E2-A14Q","Primary Tumor"
"TCGA-BH-A0H5-01A-21R-A115-07","TCGA-BH-A0H5","Primary Tumor"
"TCGA-PE-A5DE-01A-11R-A27Q-07","TCGA-PE-A5DE","Primary Tumor"
"TCGA-LQ-A4E4-01A-11R-A266-07","TCGA-LQ-A4E4","Primary Tumor"
"TCGA-BH-A1FN-01A-11R-A13Q-07","TCGA-BH-A1FN","Primary Tumor"
"TCGA-E2-A1LH-11A-22R-A14D-07","TCGA-E2-A1LH","Solid Tissue Normal"
"TCGA-BH-A0BO-01A-23R-A12D-07","TCGA-BH-A0BO","Primary Tumor"
"TCGA-BH-A0BJ-01A-11R-A056-07","TCGA-BH-A0BJ","Primary Tumor"
"TCGA-A8-A09X-01A-11R-A00Z-07","TCGA-A8-A09X","Primary Tumor"
"TCGA-GM-A2DC-01A-11R-A18M-07","TCGA-GM-A2DC","Primary Tumor"
"TCGA-E2-A153-01A-12R-A12D-07","TCGA-E2-A153","Primary Tumor"
"TCGA-D8-A1JN-01A-11R-A13Q-07","TCGA-D8-A1JN","Primary Tumor"
"TCGA-A2-A4S0-01A-21R-A266-07","TCGA-A2-A4S0","Primary Tumor"
"TCGA-BH-A0AV-01A-31R-A115-07","TCGA-BH-A0AV","Primary Tumor"
"TCGA-A2-A0YJ-01A-11R-A109-07","TCGA-A2-A0YJ","Primary Tumor"
"TCGA-E2-A10A-01A-21R-A115-07","TCGA-E2-A10A","Primary Tumor"
"TCGA-BH-A1FM-11B-23R-A13Q-07","TCGA-BH-A1FM","Solid Tissue Normal"
"TCGA-OL-A5RX-01A-11R-A28M-07","TCGA-OL-A5RX","Primary Tumor"
"TCGA-E2-A15M-11A-22R-A12D-07","TCGA-E2-A15M","Solid Tissue Normal"
"TCGA-BH-A42V-01A-11R-A24H-07","TCGA-BH-A42V","Primary Tumor"
"TCGA-A7-A13E-01B-06R-A277-07","TCGA-A7-A13E","Primary Tumor"
"TCGA-A8-A082-01A-11R-A00Z-07","TCGA-A8-A082","Primary Tumor"
"TCGA-A2-A04P-01A-31R-A034-07","TCGA-A2-A04P","Primary Tumor"
"TCGA-BH-A0DH-11A-31R-A089-07","TCGA-BH-A0DH","Solid Tissue Normal"
"TCGA-D8-A1JT-01A-31R-A13Q-07","TCGA-D8-A1JT","Primary Tumor"
"TCGA-OK-A5Q2-01A-11R-A27Q-07","TCGA-OK-A5Q2","Primary Tumor"
"TCGA-PL-A8LZ-01A-31R-A36F-07","TCGA-PL-A8LZ","Primary Tumor"
"TCGA-D8-A1XJ-01A-11R-A14M-07","TCGA-D8-A1XJ","Primary Tumor"
"TCGA-E2-A1LS-11A-32R-A157-07","TCGA-E2-A1LS","Solid Tissue Normal"
"TCGA-D8-A142-01A-11R-A115-07","TCGA-D8-A142","Primary Tumor"
"TCGA-E9-A1RB-11A-33R-A157-07","TCGA-E9-A1RB","Solid Tissue Normal"
"TCGA-D8-A1XM-01A-21R-A14M-07","TCGA-D8-A1XM","Primary Tumor"
"TCGA-B6-A0RS-01A-11R-A084-07","TCGA-B6-A0RS","Primary Tumor"
"TCGA-BH-A0DV-11A-22R-A12P-07","TCGA-BH-A0DV","Solid Tissue Normal"
"TCGA-B6-A3ZX-01A-11R-A239-07","TCGA-B6-A3ZX","Primary Tumor"
"TCGA-C8-A3M7-01A-12R-A21T-07","TCGA-C8-A3M7","Primary Tumor"
"TCGA-AR-A1AK-01A-21R-A12P-07","TCGA-AR-A1AK","Primary Tumor"
"TCGA-E9-A1RB-01A-11R-A157-07","TCGA-E9-A1RB","Primary Tumor"
"TCGA-AO-A0JE-01A-11R-A056-07","TCGA-AO-A0JE","Primary Tumor"
"TCGA-A2-A0T0-01A-22R-A084-07","TCGA-A2-A0T0","Primary Tumor"
"TCGA-A8-A09G-01A-21R-A00Z-07","TCGA-A8-A09G","Primary Tumor"
"TCGA-A2-A0CT-01A-31R-A056-07","TCGA-A2-A0CT","Primary Tumor"
"TCGA-A8-A09M-01A-11R-A00Z-07","TCGA-A8-A09M","Primary Tumor"
"TCGA-AR-A1AY-01A-21R-A12P-07","TCGA-AR-A1AY","Primary Tumor"
"TCGA-BH-A0BR-01A-21R-A115-07","TCGA-BH-A0BR","Primary Tumor"
"TCGA-AO-A1KP-01A-11R-A13Q-07","TCGA-AO-A1KP","Primary Tumor"
"TCGA-A2-A0SW-01A-11R-A084-07","TCGA-A2-A0SW","Primary Tumor"
"TCGA-A8-A09Z-01A-11R-A00Z-07","TCGA-A8-A09Z","Primary Tumor"
"TCGA-AR-A1AI-01A-11R-A12P-07","TCGA-AR-A1AI","Primary Tumor"
"TCGA-B6-A2IU-01A-32R-A18M-07","TCGA-B6-A2IU","Primary Tumor"
"TCGA-A2-A1FZ-01A-51R-A14D-07","TCGA-A2-A1FZ","Primary Tumor"
"TCGA-OL-A66P-01A-11R-A31O-07","TCGA-OL-A66P","Primary Tumor"
"TCGA-E9-A3HO-01A-11R-A213-07","TCGA-E9-A3HO","Primary Tumor"
"TCGA-BH-A0DS-01A-11R-A056-07","TCGA-BH-A0DS","Primary Tumor"
"TCGA-E9-A245-01A-22R-A16F-07","TCGA-E9-A245","Primary Tumor"
"TCGA-AO-A0JJ-01A-11R-A056-07","TCGA-AO-A0JJ","Primary Tumor"
"TCGA-BH-A0HP-01A-12R-A084-07","TCGA-BH-A0HP","Primary Tumor"
"TCGA-A2-A0D3-01A-11R-A115-07","TCGA-A2-A0D3","Primary Tumor"
"TCGA-BH-A18F-01A-11R-A12D-07","TCGA-BH-A18F","Primary Tumor"
"TCGA-E2-A150-01A-11R-A12D-07","TCGA-E2-A150","Primary Tumor"
"TCGA-A8-A0A6-01A-12R-A056-07","TCGA-A8-A0A6","Primary Tumor"
"TCGA-B6-A0I2-01A-11R-A034-07","TCGA-B6-A0I2","Primary Tumor"
"TCGA-AO-A12D-01A-11R-A115-07","TCGA-AO-A12D","Primary Tumor"
"TCGA-E9-A1RA-01A-11R-A14D-07","TCGA-E9-A1RA","Primary Tumor"
"TCGA-B6-A0X4-01A-11R-A109-07","TCGA-B6-A0X4","Primary Tumor"
"TCGA-AO-A03R-01A-21R-A034-07","TCGA-AO-A03R","Primary Tumor"
"TCGA-C8-A132-01A-31R-A115-07","TCGA-C8-A132","Primary Tumor"
"TCGA-EW-A1J6-01A-11R-A13Q-07","TCGA-EW-A1J6","Primary Tumor"
"TCGA-BH-A0DG-01A-21R-A12P-07","TCGA-BH-A0DG","Primary Tumor"
"TCGA-BH-A0DG-11A-43R-A12P-07","TCGA-BH-A0DG","Solid Tissue Normal"
"TCGA-BH-A0HU-01A-11R-A034-07","TCGA-BH-A0HU","Primary Tumor"
"TCGA-A7-A0CJ-01A-21R-A00Z-07","TCGA-A7-A0CJ","Primary Tumor"
"TCGA-A8-A097-01A-11R-A034-07","TCGA-A8-A097","Primary Tumor"
"TCGA-D8-A27H-01A-11R-A16F-07","TCGA-D8-A27H","Primary Tumor"
"TCGA-BH-A0DL-11A-13R-A115-07","TCGA-BH-A0DL","Solid Tissue Normal"
"TCGA-A7-A4SE-01A-11R-A266-07","TCGA-A7-A4SE","Primary Tumor"
"TCGA-E2-A153-11A-31R-A12D-07","TCGA-E2-A153","Solid Tissue Normal"
"TCGA-A2-A1G6-01A-11R-A13Q-07","TCGA-A2-A1G6","Primary Tumor"
"TCGA-AC-A23H-01A-11R-A157-07","TCGA-AC-A23H","Primary Tumor"
"TCGA-BH-A1EX-01A-11R-A13Q-07","TCGA-BH-A1EX","Primary Tumor"
"TCGA-GM-A2DM-01A-11R-A180-07","TCGA-GM-A2DM","Primary Tumor"
"TCGA-AQ-A04L-01B-21R-A10J-07","TCGA-AQ-A04L","Primary Tumor"
"TCGA-A2-A0CY-01A-12R-A034-07","TCGA-A2-A0CY","Primary Tumor"
"TCGA-BH-A1EO-01A-11R-A137-07","TCGA-BH-A1EO","Primary Tumor"
"TCGA-D8-A13Z-01A-11R-A115-07","TCGA-D8-A13Z","Primary Tumor"
"TCGA-GM-A2DH-01A-11R-A180-07","TCGA-GM-A2DH","Primary Tumor"
"TCGA-BH-A18S-01A-11R-A12D-07","TCGA-BH-A18S","Primary Tumor"
"TCGA-B6-A0I9-01A-11R-A034-07","TCGA-B6-A0I9","Primary Tumor"
"TCGA-B6-A0I1-01A-11R-A21T-07","TCGA-B6-A0I1","Primary Tumor"
"TCGA-BH-A0B9-01A-11R-A056-07","TCGA-BH-A0B9","Primary Tumor"
"TCGA-A2-A1FV-01A-11R-A13Q-07","TCGA-A2-A1FV","Primary Tumor"
"TCGA-AN-A0XL-01A-11R-A10J-07","TCGA-AN-A0XL","Primary Tumor"
"TCGA-BH-A0DZ-11A-22R-A089-07","TCGA-BH-A0DZ","Solid Tissue Normal"
"TCGA-A7-A3J1-01A-11R-A213-07","TCGA-A7-A3J1","Primary Tumor"
"TCGA-D8-A145-01A-11R-A115-07","TCGA-D8-A145","Primary Tumor"
"TCGA-BH-A0AY-11A-23R-A089-07","TCGA-BH-A0AY","Solid Tissue Normal"
"TCGA-A2-A0CS-01A-11R-A115-07","TCGA-A2-A0CS","Primary Tumor"
"TCGA-AN-A0AJ-01A-11R-A00Z-07","TCGA-AN-A0AJ","Primary Tumor"
"TCGA-BH-A0DV-01A-21R-A12P-07","TCGA-BH-A0DV","Primary Tumor"
"TCGA-D8-A1Y1-01A-21R-A14M-07","TCGA-D8-A1Y1","Primary Tumor"
"TCGA-LD-A66U-01A-11R-A31O-07","TCGA-LD-A66U","Primary Tumor"
"TCGA-AC-A3QQ-01B-06R-A22O-07","TCGA-AC-A3QQ","Primary Tumor"
"TCGA-AR-A1AO-01A-11R-A12P-07","TCGA-AR-A1AO","Primary Tumor"
"TCGA-D8-A1XK-01A-21R-A14M-07","TCGA-D8-A1XK","Primary Tumor"
"TCGA-AQ-A54O-01A-11R-A266-07","TCGA-AQ-A54O","Primary Tumor"
"TCGA-BH-A0AU-11A-11R-A12P-07","TCGA-BH-A0AU","Solid Tissue Normal"
"TCGA-E9-A1RD-01A-11R-A157-07","TCGA-E9-A1RD","Primary Tumor"
"TCGA-E9-A1RD-11A-33R-A157-07","TCGA-E9-A1RD","Solid Tissue Normal"
"TCGA-E2-A573-01A-11R-A29R-07","TCGA-E2-A573","Primary Tumor"
"TCGA-A2-A4S3-01A-21R-A266-07","TCGA-A2-A4S3","Primary Tumor"
"TCGA-A8-A0A7-01A-11R-A00Z-07","TCGA-A8-A0A7","Primary Tumor"
"TCGA-E2-A14O-01A-31R-A115-07","TCGA-E2-A14O","Primary Tumor"
"TCGA-AC-A6IW-01A-12R-A33J-07","TCGA-AC-A6IW","Primary Tumor"
"TCGA-A2-A3XZ-01A-42R-A239-07","TCGA-A2-A3XZ","Primary Tumor"
"TCGA-E9-A1N5-11A-41R-A14D-07","TCGA-E9-A1N5","Solid Tissue Normal"
"TCGA-A2-A0EU-01A-22R-A056-07","TCGA-A2-A0EU","Primary Tumor"
"TCGA-EW-A1P0-01A-11R-A144-07","TCGA-EW-A1P0","Primary Tumor"
"TCGA-E9-A295-01A-11R-A16F-07","TCGA-E9-A295","Primary Tumor"
"TCGA-S3-AA15-01A-11R-A41B-07","TCGA-S3-AA15","Primary Tumor"
"TCGA-C8-A26W-01A-11R-A16F-07","TCGA-C8-A26W","Primary Tumor"
"TCGA-BH-A1FR-11B-42R-A13Q-07","TCGA-BH-A1FR","Solid Tissue Normal"
"TCGA-A8-A079-01A-21R-A00Z-07","TCGA-A8-A079","Primary Tumor"
"TCGA-B6-A40C-01A-11R-A239-07","TCGA-B6-A40C","Primary Tumor"
"TCGA-E9-A2JS-01A-11R-A180-07","TCGA-E9-A2JS","Primary Tumor"
"TCGA-BH-A0BC-11A-22R-A089-07","TCGA-BH-A0BC","Solid Tissue Normal"
"TCGA-A2-A0CW-01A-21R-A115-07","TCGA-A2-A0CW","Primary Tumor"
"TCGA-A8-A09R-01A-11R-A00Z-07","TCGA-A8-A09R","Primary Tumor"
"TCGA-AN-A0FV-01A-11R-A00Z-07","TCGA-AN-A0FV","Primary Tumor"
"TCGA-AC-A3YJ-01A-11R-A22U-07","TCGA-AC-A3YJ","Primary Tumor"
"TCGA-C8-A26Z-01A-11R-A16F-07","TCGA-C8-A26Z","Primary Tumor"
"TCGA-AR-A24R-01A-11R-A169-07","TCGA-AR-A24R","Primary Tumor"
"TCGA-LL-A7T0-01A-31R-A352-07","TCGA-LL-A7T0","Primary Tumor"
"TCGA-E9-A1R7-01A-11R-A14M-07","TCGA-E9-A1R7","Primary Tumor"
"TCGA-GM-A3NY-01A-11R-A21T-07","TCGA-GM-A3NY","Primary Tumor"
"TCGA-D8-A1JB-01A-11R-A13Q-07","TCGA-D8-A1JB","Primary Tumor"
"TCGA-E9-A226-01A-21R-A157-07","TCGA-E9-A226","Primary Tumor"
"TCGA-BH-A0DL-01A-11R-A115-07","TCGA-BH-A0DL","Primary Tumor"
"TCGA-A7-A5ZX-01A-12R-A29R-07","TCGA-A7-A5ZX","Primary Tumor"
"TCGA-A2-A1G1-01A-21R-A13Q-07","TCGA-A2-A1G1","Primary Tumor"
"TCGA-JL-A3YX-01A-11R-A22U-07","TCGA-JL-A3YX","Primary Tumor"
"TCGA-OL-A66H-01A-11R-A29R-07","TCGA-OL-A66H","Primary Tumor"
"TCGA-D8-A3Z5-01A-41R-A24H-07","TCGA-D8-A3Z5","Primary Tumor"
"TCGA-OL-A5RZ-01A-11R-A28M-07","TCGA-OL-A5RZ","Primary Tumor"
"TCGA-A8-A075-01A-11R-A084-07","TCGA-A8-A075","Primary Tumor"
"TCGA-B6-A402-01A-11R-A239-07","TCGA-B6-A402","Primary Tumor"
"TCGA-BH-A1FM-01A-11R-A13Q-07","TCGA-BH-A1FM","Primary Tumor"
"TCGA-BH-A1EO-11A-31R-A137-07","TCGA-BH-A1EO","Solid Tissue Normal"
"TCGA-BH-A0C3-01A-21R-A12P-07","TCGA-BH-A0C3","Primary Tumor"
"TCGA-E2-A15M-01A-11R-A12D-07","TCGA-E2-A15M","Primary Tumor"
"TCGA-E2-A9RU-01A-11R-A41B-07","TCGA-E2-A9RU","Primary Tumor"
"TCGA-EW-A1IW-01A-11R-A13Q-07","TCGA-EW-A1IW","Primary Tumor"
"TCGA-A2-A0EN-01A-13R-A084-07","TCGA-A2-A0EN","Primary Tumor"
"TCGA-E2-A1L9-01A-11R-A13Q-07","TCGA-E2-A1L9","Primary Tumor"
"TCGA-E9-A229-01A-31R-A157-07","TCGA-E9-A229","Primary Tumor"
"TCGA-D8-A1Y0-01A-11R-A14M-07","TCGA-D8-A1Y0","Primary Tumor"
"TCGA-E2-A14T-01A-11R-A115-07","TCGA-E2-A14T","Primary Tumor"
"TCGA-E2-A1B6-01A-31R-A12P-07","TCGA-E2-A1B6","Primary Tumor"
"TCGA-AN-A0FW-01A-11R-A034-07","TCGA-AN-A0FW","Primary Tumor"
"TCGA-D8-A1X7-01A-11R-A14M-07","TCGA-D8-A1X7","Primary Tumor"
"TCGA-AO-A0J7-01A-11R-A034-07","TCGA-AO-A0J7","Primary Tumor"
"TCGA-AR-A1AP-01A-11R-A12P-07","TCGA-AR-A1AP","Primary Tumor"
"TCGA-D8-A1X9-01A-12R-A157-07","TCGA-D8-A1X9","Primary Tumor"
"TCGA-D8-A1XQ-01A-11R-A14M-07","TCGA-D8-A1XQ","Primary Tumor"
"TCGA-AN-A0G0-01A-11R-A034-07","TCGA-AN-A0G0","Primary Tumor"
"TCGA-A2-A0CU-01A-12R-A034-07","TCGA-A2-A0CU","Primary Tumor"
"TCGA-A8-A0A1-01A-11R-A00Z-07","TCGA-A8-A0A1","Primary Tumor"
"TCGA-A8-A08R-01A-11R-A034-07","TCGA-A8-A08R","Primary Tumor"
"TCGA-EW-A1OX-01A-11R-A144-07","TCGA-EW-A1OX","Primary Tumor"
"TCGA-E9-A228-01A-31R-A157-07","TCGA-E9-A228","Primary Tumor"
"TCGA-E9-A1RH-11A-34R-A169-07","TCGA-E9-A1RH","Solid Tissue Normal"
"TCGA-A8-A094-01A-11R-A00Z-07","TCGA-A8-A094","Primary Tumor"
"TCGA-AR-A254-01A-21R-A169-07","TCGA-AR-A254","Primary Tumor"
"TCGA-D8-A27L-01A-11R-A16F-07","TCGA-D8-A27L","Primary Tumor"
"TCGA-E9-A1N9-01A-11R-A14D-07","TCGA-E9-A1N9","Primary Tumor"
"TCGA-A8-A08A-01A-11R-A32Y-07","TCGA-A8-A08A","Primary Tumor"
"TCGA-E9-A249-01A-11R-A169-07","TCGA-E9-A249","Primary Tumor"
"TCGA-AQ-A1H3-01A-31R-A13Q-07","TCGA-AQ-A1H3","Primary Tumor"
"TCGA-BH-A0BA-11A-22R-A19E-07","TCGA-BH-A0BA","Solid Tissue Normal"
"TCGA-AO-A125-01A-11R-A10J-07","TCGA-AO-A125","Primary Tumor"
"TCGA-BH-A1FR-01A-11R-A13Q-07","TCGA-BH-A1FR","Primary Tumor"
"TCGA-BH-A42U-01A-12R-A24H-07","TCGA-BH-A42U","Primary Tumor"
"TCGA-C8-A12O-01A-11R-A115-07","TCGA-C8-A12O","Primary Tumor"
"TCGA-A7-A13H-01A-11R-A22K-07","TCGA-A7-A13H","Primary Tumor"
"TCGA-AC-A3W5-01A-11R-A22K-07","TCGA-AC-A3W5","Primary Tumor"
"TCGA-A2-A0EM-01A-11R-A034-07","TCGA-A2-A0EM","Primary Tumor"
"TCGA-A7-A4SD-01A-11R-A266-07","TCGA-A7-A4SD","Primary Tumor"
"TCGA-BH-A1ET-01A-11R-A137-07","TCGA-BH-A1ET","Primary Tumor"
"TCGA-OL-A5DA-01A-11R-A27Q-07","TCGA-OL-A5DA","Primary Tumor"
"TCGA-AN-A0FK-01A-11R-A034-07","TCGA-AN-A0FK","Primary Tumor"
"TCGA-AO-A126-01A-11R-A10J-07","TCGA-AO-A126","Primary Tumor"
"TCGA-BH-A0HB-01A-11R-A056-07","TCGA-BH-A0HB","Primary Tumor"
"TCGA-BH-A0DD-01A-31R-A12P-07","TCGA-BH-A0DD","Primary Tumor"
"TCGA-B6-A1KN-01A-11R-A13Q-07","TCGA-B6-A1KN","Primary Tumor"
"TCGA-A7-A26H-01A-11R-A169-07","TCGA-A7-A26H","Primary Tumor"
"TCGA-E2-A1IK-01A-11R-A144-07","TCGA-E2-A1IK","Primary Tumor"
"TCGA-C8-A26Y-01A-11R-A16F-07","TCGA-C8-A26Y","Primary Tumor"
"TCGA-D8-A1JI-01A-11R-A13Q-07","TCGA-D8-A1JI","Primary Tumor"
"TCGA-BH-A0GY-01A-11R-A056-07","TCGA-BH-A0GY","Primary Tumor"
"TCGA-A1-A0SM-01A-11R-A084-07","TCGA-A1-A0SM","Primary Tumor"
"TCGA-D8-A3Z6-01A-11R-A239-07","TCGA-D8-A3Z6","Primary Tumor"
"TCGA-BH-A0DE-01A-11R-A115-07","TCGA-BH-A0DE","Primary Tumor"
"TCGA-B6-A0RP-01A-21R-A084-07","TCGA-B6-A0RP","Primary Tumor"
"TCGA-WT-AB44-01A-11R-A41B-07","TCGA-WT-AB44","Primary Tumor"
"TCGA-BH-A8G0-01A-11R-A352-07","TCGA-BH-A8G0","Primary Tumor"
"TCGA-A2-A0T7-01A-21R-A084-07","TCGA-A2-A0T7","Primary Tumor"
"TCGA-BH-A8FY-01A-11R-A36F-07","TCGA-BH-A8FY","Primary Tumor"
"TCGA-AR-A0TQ-01A-11R-A084-07","TCGA-AR-A0TQ","Primary Tumor"
"TCGA-A7-A13E-11A-61R-A12P-07","TCGA-A7-A13E","Solid Tissue Normal"
"TCGA-AO-A0JM-01A-21R-A056-07","TCGA-AO-A0JM","Primary Tumor"
"TCGA-AC-A3QP-01A-11R-A22U-07","TCGA-AC-A3QP","Primary Tumor"
"TCGA-C8-A273-01A-11R-A16F-07","TCGA-C8-A273","Primary Tumor"
"TCGA-D8-A1XF-01A-11R-A14D-07","TCGA-D8-A1XF","Primary Tumor"
"TCGA-A8-A07P-01A-11R-A00Z-07","TCGA-A8-A07P","Primary Tumor"
"TCGA-AO-A0JG-01A-31R-A084-07","TCGA-AO-A0JG","Primary Tumor"
"TCGA-AR-A251-01A-12R-A169-07","TCGA-AR-A251","Primary Tumor"
"TCGA-AO-A12G-01A-11R-A10J-07","TCGA-AO-A12G","Primary Tumor"
"TCGA-C8-A275-01A-21R-A16F-07","TCGA-C8-A275","Primary Tumor"
"TCGA-BH-A0DH-01A-11R-A084-07","TCGA-BH-A0DH","Primary Tumor"
"TCGA-BH-A0HI-01A-11R-A084-07","TCGA-BH-A0HI","Primary Tumor"
"TCGA-E9-A1R3-01A-31R-A14M-07","TCGA-E9-A1R3","Primary Tumor"
"TCGA-B6-A401-01A-11R-A239-07","TCGA-B6-A401","Primary Tumor"
"TCGA-E9-A22D-01A-11R-A157-07","TCGA-E9-A22D","Primary Tumor"
"TCGA-A8-A07O-01A-11R-A00Z-07","TCGA-A8-A07O","Primary Tumor"
"TCGA-MS-A51U-01A-31R-A266-07","TCGA-MS-A51U","Primary Tumor"
"TCGA-LL-A6FQ-01A-11R-A31O-07","TCGA-LL-A6FQ","Primary Tumor"
"TCGA-LL-A8F5-01A-11R-A36F-07","TCGA-LL-A8F5","Primary Tumor"
"TCGA-LL-A50Y-01A-11R-A266-07","TCGA-LL-A50Y","Primary Tumor"
"TCGA-A2-A0YK-01A-22R-A109-07","TCGA-A2-A0YK","Primary Tumor"
"TCGA-OL-A66J-01A-11R-A29R-07","TCGA-OL-A66J","Primary Tumor"
"TCGA-A8-A092-01A-11R-A00Z-07","TCGA-A8-A092","Primary Tumor"
"TCGA-HN-A2OB-01A-21R-A27Q-07","TCGA-HN-A2OB","Primary Tumor"
"TCGA-AC-A5XU-01A-11R-A28M-07","TCGA-AC-A5XU","Primary Tumor"
"TCGA-AR-A2LH-01A-31R-A18M-07","TCGA-AR-A2LH","Primary Tumor"
"TCGA-OL-A6VO-01A-12R-A33J-07","TCGA-OL-A6VO","Primary Tumor"
"TCGA-BH-A0AU-01A-11R-A12P-07","TCGA-BH-A0AU","Primary Tumor"
"TCGA-AO-A0J3-01A-11R-A034-07","TCGA-AO-A0J3","Primary Tumor"
"TCGA-AR-A1AU-01A-11R-A12P-07","TCGA-AR-A1AU","Primary Tumor"
"TCGA-GM-A4E0-01A-12R-A266-07","TCGA-GM-A4E0","Primary Tumor"
"TCGA-E9-A1RH-01A-21R-A169-07","TCGA-E9-A1RH","Primary Tumor"
"TCGA-BH-A1EV-11A-24R-A137-07","TCGA-BH-A1EV","Solid Tissue Normal"
"TCGA-C8-A12N-01A-11R-A115-07","TCGA-C8-A12N","Primary Tumor"
"TCGA-C8-A12U-01A-11R-A115-07","TCGA-C8-A12U","Primary Tumor"
"TCGA-AQ-A04J-01A-02R-A034-07","TCGA-AQ-A04J","Primary Tumor"
"TCGA-AR-A2LQ-01A-22R-A18M-07","TCGA-AR-A2LQ","Primary Tumor"
"TCGA-E2-A10B-01A-11R-A10J-07","TCGA-E2-A10B","Primary Tumor"
"TCGA-C8-A12Z-01A-11R-A115-07","TCGA-C8-A12Z","Primary Tumor"
"TCGA-E2-A2P6-01A-11R-A19W-07","TCGA-E2-A2P6","Primary Tumor"
"TCGA-BH-A0HY-01A-11R-A056-07","TCGA-BH-A0HY","Primary Tumor"
"TCGA-S3-A6ZF-01A-32R-A32P-07","TCGA-S3-A6ZF","Primary Tumor"
"TCGA-A8-A086-01A-11R-A00Z-07","TCGA-A8-A086","Primary Tumor"
"TCGA-AN-A041-01A-11R-A034-07","TCGA-AN-A041","Primary Tumor"
"TCGA-A2-A0D0-01A-11R-A00Z-07","TCGA-A2-A0D0","Primary Tumor"
"TCGA-AQ-A04H-01B-11R-A10J-07","TCGA-AQ-A04H","Primary Tumor"
"TCGA-A1-A0SF-01A-11R-A144-07","TCGA-A1-A0SF","Primary Tumor"
"TCGA-A2-A4S1-01A-21R-A266-07","TCGA-A2-A4S1","Primary Tumor"
"TCGA-A2-A04U-01A-11R-A115-07","TCGA-A2-A04U","Primary Tumor"
"TCGA-EW-A1PA-01A-11R-A144-07","TCGA-EW-A1PA","Primary Tumor"
"TCGA-A8-A08T-01A-21R-A00Z-07","TCGA-A8-A08T","Primary Tumor"
"TCGA-BH-A1ET-11B-23R-A137-07","TCGA-BH-A1ET","Solid Tissue Normal"
"TCGA-E2-A154-01A-11R-A115-07","TCGA-E2-A154","Primary Tumor"
"TCGA-E9-A227-01A-11R-A157-07","TCGA-E9-A227","Primary Tumor"
"TCGA-5L-AAT0-01A-12R-A41B-07","TCGA-5L-AAT0","Primary Tumor"
"TCGA-BH-A18J-11A-31R-A12D-07","TCGA-BH-A18J","Solid Tissue Normal"
"TCGA-BH-A18J-01A-11R-A12D-07","TCGA-BH-A18J","Primary Tumor"
"TCGA-BH-A0E2-01A-11R-A056-07","TCGA-BH-A0E2","Primary Tumor"
"TCGA-AR-A24U-01A-11R-A169-07","TCGA-AR-A24U","Primary Tumor"
"TCGA-GM-A2D9-01A-11R-A18M-07","TCGA-GM-A2D9","Primary Tumor"
"TCGA-D8-A1JE-01A-11R-A13Q-07","TCGA-D8-A1JE","Primary Tumor"
"TCGA-AO-A03L-01A-41R-A056-07","TCGA-AO-A03L","Primary Tumor"
"TCGA-BH-A0DQ-11A-12R-A089-07","TCGA-BH-A0DQ","Solid Tissue Normal"
"TCGA-BH-A0DQ-01A-11R-A084-07","TCGA-BH-A0DQ","Primary Tumor"
"TCGA-C8-A1HJ-01A-11R-A13Q-07","TCGA-C8-A1HJ","Primary Tumor"
"TCGA-C8-A1HL-01A-11R-A137-07","TCGA-C8-A1HL","Primary Tumor"
"TCGA-BH-A5IZ-01A-11R-A27Q-07","TCGA-BH-A5IZ","Primary Tumor"
"TCGA-A2-A3XU-01A-12R-A22U-07","TCGA-A2-A3XU","Primary Tumor"
"TCGA-E9-A54X-01A-11R-A266-07","TCGA-E9-A54X","Primary Tumor"
"TCGA-AN-A0XT-01A-11R-A109-07","TCGA-AN-A0XT","Primary Tumor"
"TCGA-LL-A73Z-01A-11R-A32P-07","TCGA-LL-A73Z","Primary Tumor"
"TCGA-D8-A1JM-01A-11R-A13Q-07","TCGA-D8-A1JM","Primary Tumor"
"TCGA-AN-A0AL-01A-11R-A00Z-07","TCGA-AN-A0AL","Primary Tumor"
"TCGA-AO-A0JB-01A-11R-A32Y-07","TCGA-AO-A0JB","Primary Tumor"
"TCGA-AC-A2B8-01A-11R-A17B-07","TCGA-AC-A2B8","Primary Tumor"
"TCGA-B6-A0I8-01A-11R-A034-07","TCGA-B6-A0I8","Primary Tumor"
"TCGA-GM-A2DB-01A-31R-A18M-07","TCGA-GM-A2DB","Primary Tumor"
"TCGA-A2-A0YC-01A-11R-A109-07","TCGA-A2-A0YC","Primary Tumor"
"TCGA-AN-A0XU-01A-11R-A109-07","TCGA-AN-A0XU","Primary Tumor"
"TCGA-JL-A3YW-01A-12R-A239-07","TCGA-JL-A3YW","Primary Tumor"
"TCGA-BH-A204-11A-53R-A157-07","TCGA-BH-A204","Solid Tissue Normal"
"TCGA-BH-A204-01A-11R-A157-07","TCGA-BH-A204","Primary Tumor"
"TCGA-AN-A0AT-01A-11R-A034-07","TCGA-AN-A0AT","Primary Tumor"
"TCGA-A2-A0T3-01A-21R-A115-07","TCGA-A2-A0T3","Primary Tumor"
"TCGA-AC-A62Y-01A-11R-A29R-07","TCGA-AC-A62Y","Primary Tumor"
"TCGA-AO-A03U-01B-21R-A10J-07","TCGA-AO-A03U","Primary Tumor"
"TCGA-BH-A1EY-01A-11R-A13Q-07","TCGA-BH-A1EY","Primary Tumor"
"TCGA-BH-A0W4-01A-11R-A109-07","TCGA-BH-A0W4","Primary Tumor"
"TCGA-AR-A5QN-01A-12R-A28M-07","TCGA-AR-A5QN","Primary Tumor"
"TCGA-E2-A1IU-01A-11R-A14D-07","TCGA-E2-A1IU","Primary Tumor"
"TCGA-A2-A04W-01A-31R-A115-07","TCGA-A2-A04W","Primary Tumor"
"TCGA-E2-A15E-06A-11R-A12D-07","TCGA-E2-A15E","Metastatic"
"TCGA-A2-A0YD-01A-11R-A109-07","TCGA-A2-A0YD","Primary Tumor"
"TCGA-BH-A0B7-11A-34R-A115-07","TCGA-BH-A0B7","Solid Tissue Normal"
"TCGA-A7-A13F-01A-11R-A12P-07","TCGA-A7-A13F","Primary Tumor"
"TCGA-BH-A0HK-01A-11R-A056-07","TCGA-BH-A0HK","Primary Tumor"
"TCGA-BH-A0HK-11A-11R-A089-07","TCGA-BH-A0HK","Solid Tissue Normal"
"TCGA-A2-A25D-01A-12R-A16F-07","TCGA-A2-A25D","Primary Tumor"
"TCGA-BH-A201-01A-11R-A14M-07","TCGA-BH-A201","Primary Tumor"
"TCGA-A8-A085-01A-11R-A00Z-07","TCGA-A8-A085","Primary Tumor"
"TCGA-AR-A5QP-01A-11R-A28M-07","TCGA-AR-A5QP","Primary Tumor"
"TCGA-BH-A0W3-01A-11R-A109-07","TCGA-BH-A0W3","Primary Tumor"
"TCGA-AR-A24V-01A-21R-A169-07","TCGA-AR-A24V","Primary Tumor"
"TCGA-E9-A1NE-01A-21R-A14M-07","TCGA-E9-A1NE","Primary Tumor"
"TCGA-AC-A8OQ-01A-11R-A41B-07","TCGA-AC-A8OQ","Primary Tumor"
"TCGA-AC-A23C-01A-12R-A169-07","TCGA-AC-A23C","Primary Tumor"
"TCGA-C8-A12P-01A-11R-A115-07","TCGA-C8-A12P","Primary Tumor"
"TCGA-E9-A1N8-01A-11R-A144-07","TCGA-E9-A1N8","Primary Tumor"
"TCGA-AN-A0XV-01A-11R-A109-07","TCGA-AN-A0XV","Primary Tumor"
"TCGA-EW-A1OV-01A-11R-A144-07","TCGA-EW-A1OV","Primary Tumor"
"TCGA-A2-A1FX-01A-11R-A13Q-07","TCGA-A2-A1FX","Primary Tumor"
"TCGA-AR-A2LO-01A-31R-A18M-07","TCGA-AR-A2LO","Primary Tumor"
"TCGA-D8-A27V-01A-12R-A17B-07","TCGA-D8-A27V","Primary Tumor"
"TCGA-D8-A27M-01A-11R-A16F-07","TCGA-D8-A27M","Primary Tumor"
"TCGA-A2-A0YF-01A-21R-A109-07","TCGA-A2-A0YF","Primary Tumor"
"TCGA-BH-A0H6-01A-21R-A056-07","TCGA-BH-A0H6","Primary Tumor"
"TCGA-OL-A66L-01A-12R-A31O-07","TCGA-OL-A66L","Primary Tumor"
"TCGA-D8-A1JU-01A-11R-A13Q-07","TCGA-D8-A1JU","Primary Tumor"
"TCGA-A8-A0AD-01A-11R-A056-07","TCGA-A8-A0AD","Primary Tumor"
"TCGA-EW-A2FR-01A-11R-A21T-07","TCGA-EW-A2FR","Primary Tumor"
"TCGA-PE-A5DD-01A-12R-A27Q-07","TCGA-PE-A5DD","Primary Tumor"
"TCGA-E2-A105-01A-11R-A10J-07","TCGA-E2-A105","Primary Tumor"
"TCGA-A2-A0T4-01A-31R-A084-07","TCGA-A2-A0T4","Primary Tumor"
"TCGA-Z7-A8R6-01A-11R-A41B-07","TCGA-Z7-A8R6","Primary Tumor"
"TCGA-A2-A0YL-01A-21R-A109-07","TCGA-A2-A0YL","Primary Tumor"
"TCGA-D8-A73X-01A-11R-A32P-07","TCGA-D8-A73X","Primary Tumor"
"TCGA-A7-A13D-01A-13R-A12P-07","TCGA-A7-A13D","Primary Tumor"
"TCGA-AO-A0JA-01A-11R-A056-07","TCGA-AO-A0JA","Primary Tumor"
"TCGA-C8-A26V-01A-11R-A16F-07","TCGA-C8-A26V","Primary Tumor"
"TCGA-AC-A2FM-11B-32R-A19W-07","TCGA-AC-A2FM","Solid Tissue Normal"
"TCGA-C8-A27A-01A-11R-A169-07","TCGA-C8-A27A","Primary Tumor"
"TCGA-EW-A1PE-01A-11R-A144-07","TCGA-EW-A1PE","Primary Tumor"
"TCGA-LL-A5YM-01A-11R-A28M-07","TCGA-LL-A5YM","Primary Tumor"
"TCGA-LL-A73Y-01A-11R-A33J-07","TCGA-LL-A73Y","Primary Tumor"
"TCGA-E9-A1ND-11A-43R-A144-07","TCGA-E9-A1ND","Solid Tissue Normal"
"TCGA-AC-A3OD-01A-11R-A21T-07","TCGA-AC-A3OD","Primary Tumor"
"TCGA-A2-A0CM-01A-31R-A034-07","TCGA-A2-A0CM","Primary Tumor"
"TCGA-E9-A1R0-01A-22R-A16F-07","TCGA-E9-A1R0","Primary Tumor"
"TCGA-A7-A0DB-01A-11R-A00Z-07","TCGA-A7-A0DB","Primary Tumor"
"TCGA-AR-A1AR-01A-31R-A137-07","TCGA-AR-A1AR","Primary Tumor"
"TCGA-AR-A0TR-01A-11R-A084-07","TCGA-AR-A0TR","Primary Tumor"
"TCGA-AN-A0FN-01A-11R-A034-07","TCGA-AN-A0FN","Primary Tumor"
"TCGA-B6-A0RH-01A-21R-A115-07","TCGA-B6-A0RH","Primary Tumor"
"TCGA-BH-A0AW-01A-11R-A056-07","TCGA-BH-A0AW","Primary Tumor"
"TCGA-BH-A18M-01A-11R-A12D-07","TCGA-BH-A18M","Primary Tumor"
"TCGA-BH-A0C1-01B-11R-A12D-07","TCGA-BH-A0C1","Primary Tumor"
"TCGA-E9-A1RF-11A-32R-A157-07","TCGA-E9-A1RF","Solid Tissue Normal"
"TCGA-C8-A3M8-01A-11R-A213-07","TCGA-C8-A3M8","Primary Tumor"
"TCGA-OL-A5D7-01A-11R-A27Q-07","TCGA-OL-A5D7","Primary Tumor"
"TCGA-D8-A27P-01A-11R-A16F-07","TCGA-D8-A27P","Primary Tumor"
"TCGA-BH-A0EE-01A-11R-A034-07","TCGA-BH-A0EE","Primary Tumor"
"TCGA-B6-A0RQ-01A-11R-A115-07","TCGA-B6-A0RQ","Primary Tumor"
"TCGA-A7-A6VY-01A-12R-A33J-07","TCGA-A7-A6VY","Primary Tumor"
"TCGA-E2-A1L7-01A-11R-A144-07","TCGA-E2-A1L7","Primary Tumor"
"TCGA-GM-A2DO-01A-11R-A18M-07","TCGA-GM-A2DO","Primary Tumor"
"TCGA-BH-A28O-01A-11R-A22K-07","TCGA-BH-A28O","Primary Tumor"
"TCGA-C8-A274-01A-11R-A16F-07","TCGA-C8-A274","Primary Tumor"
"TCGA-AR-A2LL-01A-11R-A180-07","TCGA-AR-A2LL","Primary Tumor"
"TCGA-AN-A0XW-01A-11R-A109-07","TCGA-AN-A0XW","Primary Tumor"
"TCGA-3C-AAAU-01A-11R-A41B-07","TCGA-3C-AAAU","Primary Tumor"
"TCGA-LL-A9Q3-01A-11R-A41B-07","TCGA-LL-A9Q3","Primary Tumor"
"TCGA-A8-A06P-01A-11R-A00Z-07","TCGA-A8-A06P","Primary Tumor"
"TCGA-BH-A0HA-11A-31R-A12P-07","TCGA-BH-A0HA","Solid Tissue Normal"
"TCGA-AQ-A7U7-01A-22R-A352-07","TCGA-AQ-A7U7","Primary Tumor"
"TCGA-E2-A1IO-01A-11R-A144-07","TCGA-E2-A1IO","Primary Tumor"
"TCGA-D8-A1XL-01A-11R-A14M-07","TCGA-D8-A1XL","Primary Tumor"
"TCGA-A1-A0SN-01A-11R-A144-07","TCGA-A1-A0SN","Primary Tumor"
"TCGA-AR-A2LE-01A-11R-A180-07","TCGA-AR-A2LE","Primary Tumor"
"TCGA-B6-A0RM-01A-11R-A084-07","TCGA-B6-A0RM","Primary Tumor"
"TCGA-BH-A0BM-11A-12R-A089-07","TCGA-BH-A0BM","Solid Tissue Normal"
"TCGA-E2-A15T-01A-11R-A115-07","TCGA-E2-A15T","Primary Tumor"
"TCGA-GM-A2DF-01A-11R-A180-07","TCGA-GM-A2DF","Primary Tumor"
"TCGA-A1-A0SH-01A-11R-A084-07","TCGA-A1-A0SH","Primary Tumor"
"TCGA-BH-A0BZ-01A-31R-A12P-07","TCGA-BH-A0BZ","Primary Tumor"
"TCGA-BH-A0BZ-11A-61R-A12P-07","TCGA-BH-A0BZ","Solid Tissue Normal"
"TCGA-E2-A14V-01A-11R-A12D-07","TCGA-E2-A14V","Primary Tumor"
"TCGA-AN-A0FF-01A-11R-A034-07","TCGA-AN-A0FF","Primary Tumor"
"TCGA-D8-A1XD-01A-11R-A14D-07","TCGA-D8-A1XD","Primary Tumor"
"TCGA-E9-A1QZ-01A-21R-A169-07","TCGA-E9-A1QZ","Primary Tumor"
"TCGA-AR-A1AS-01A-11R-A12P-07","TCGA-AR-A1AS","Primary Tumor"
"TCGA-D8-A27W-01A-11R-A16F-07","TCGA-D8-A27W","Primary Tumor"
"TCGA-AR-A24K-01A-11R-A169-07","TCGA-AR-A24K","Primary Tumor"
"TCGA-LD-A9QF-01A-32R-A41B-07","TCGA-LD-A9QF","Primary Tumor"
"TCGA-A8-A08S-01A-11R-A034-07","TCGA-A8-A08S","Primary Tumor"
"TCGA-BH-A209-01A-11R-A157-07","TCGA-BH-A209","Primary Tumor"
"TCGA-A8-A09C-01A-11R-A00Z-07","TCGA-A8-A09C","Primary Tumor"
"TCGA-AO-A1KS-01A-11R-A13Q-07","TCGA-AO-A1KS","Primary Tumor"
"TCGA-A1-A0SG-01A-11R-A144-07","TCGA-A1-A0SG","Primary Tumor"
"TCGA-E9-A1R5-01A-11R-A14M-07","TCGA-E9-A1R5","Primary Tumor"
"TCGA-AO-A12H-01A-11R-A115-07","TCGA-AO-A12H","Primary Tumor"
"TCGA-E9-A1N6-11A-32R-A144-07","TCGA-E9-A1N6","Solid Tissue Normal"
"TCGA-B6-A0WY-01A-11R-A109-07","TCGA-B6-A0WY","Primary Tumor"
"TCGA-E2-A15I-11A-32R-A137-07","TCGA-E2-A15I","Solid Tissue Normal"
"TCGA-A2-A0SY-01A-31R-A084-07","TCGA-A2-A0SY","Primary Tumor"
"TCGA-A2-A0CV-01A-31R-A115-07","TCGA-A2-A0CV","Primary Tumor"
"TCGA-A2-A04Q-01A-21R-A034-07","TCGA-A2-A04Q","Primary Tumor"
"TCGA-AO-A12C-01A-11R-A10J-07","TCGA-AO-A12C","Primary Tumor"
"TCGA-A8-A08G-01A-11R-A00Z-07","TCGA-A8-A08G","Primary Tumor"
"TCGA-OL-A97C-01A-32R-A41B-07","TCGA-OL-A97C","Primary Tumor"
"TCGA-E2-A1B0-01A-11R-A12P-07","TCGA-E2-A1B0","Primary Tumor"
"TCGA-BH-A18N-11A-43R-A12D-07","TCGA-BH-A18N","Solid Tissue Normal"
"TCGA-A2-A0ER-01A-21R-A034-07","TCGA-A2-A0ER","Primary Tumor"
"TCGA-AO-A12A-01A-21R-A115-07","TCGA-AO-A12A","Primary Tumor"
"TCGA-A7-A0CG-01A-12R-A056-07","TCGA-A7-A0CG","Primary Tumor"
"TCGA-BH-A0E6-01A-11R-A034-07","TCGA-BH-A0E6","Primary Tumor"
"TCGA-E9-A24A-01A-11R-A169-07","TCGA-E9-A24A","Primary Tumor"
"TCGA-LL-A441-01A-11R-A24H-07","TCGA-LL-A441","Primary Tumor"
"TCGA-BH-A1EW-01A-11R-A137-07","TCGA-BH-A1EW","Primary Tumor"
"TCGA-4H-AAAK-01A-12R-A41B-07","TCGA-4H-AAAK","Primary Tumor"
"TCGA-D8-A1XS-01A-11R-A14M-07","TCGA-D8-A1XS","Primary Tumor"
"TCGA-AR-A2LR-01A-12R-A18M-07","TCGA-AR-A2LR","Primary Tumor"
"TCGA-GI-A2C8-01A-11R-A16F-07","TCGA-GI-A2C8","Primary Tumor"
"TCGA-B6-A1KC-01B-11R-A157-07","TCGA-B6-A1KC","Primary Tumor"
"TCGA-A8-A09K-01A-11R-A00Z-07","TCGA-A8-A09K","Primary Tumor"
"TCGA-AC-A2QH-01A-11R-A18M-07","TCGA-AC-A2QH","Primary Tumor"
"TCGA-A8-A09I-01A-22R-A034-07","TCGA-A8-A09I","Primary Tumor"
"TCGA-A8-A07I-01A-11R-A00Z-07","TCGA-A8-A07I","Primary Tumor"
"TCGA-AO-A0J5-01A-11R-A034-07","TCGA-AO-A0J5","Primary Tumor"
"TCGA-C8-A1HO-01A-11R-A13Q-07","TCGA-C8-A1HO","Primary Tumor"
"TCGA-B6-A0IK-01A-12R-A056-07","TCGA-B6-A0IK","Primary Tumor"
"TCGA-E9-A247-01A-11R-A169-07","TCGA-E9-A247","Primary Tumor"
"TCGA-EW-A2FW-01A-11R-A17B-07","TCGA-EW-A2FW","Primary Tumor"
"TCGA-D8-A1XU-01A-11R-A14M-07","TCGA-D8-A1XU","Primary Tumor"
"TCGA-EW-A6SD-01A-12R-A33J-07","TCGA-EW-A6SD","Primary Tumor"
"TCGA-AC-A8OP-01A-11R-A36F-07","TCGA-AC-A8OP","Primary Tumor"
"TCGA-A8-A06Q-01A-11R-A034-07","TCGA-A8-A06Q","Primary Tumor"
"TCGA-D8-A1JP-01A-11R-A13Q-07","TCGA-D8-A1JP","Primary Tumor"
"TCGA-AN-A0FD-01A-11R-A034-07","TCGA-AN-A0FD","Primary Tumor"
"TCGA-AR-A252-01A-11R-A169-07","TCGA-AR-A252","Primary Tumor"
"TCGA-B6-A0X5-01A-21R-A109-07","TCGA-B6-A0X5","Primary Tumor"
"TCGA-A8-A09T-01A-11R-A00Z-07","TCGA-A8-A09T","Primary Tumor"
"TCGA-AR-A0TS-01A-11R-A115-07","TCGA-AR-A0TS","Primary Tumor"
"TCGA-B6-A0IP-01A-11R-A034-07","TCGA-B6-A0IP","Primary Tumor"
"TCGA-AO-A03O-01A-11R-A00Z-07","TCGA-AO-A03O","Primary Tumor"
"TCGA-AC-A2FF-11A-13R-A17B-07","TCGA-AC-A2FF","Solid Tissue Normal"
"TCGA-E9-A22A-01A-11R-A157-07","TCGA-E9-A22A","Primary Tumor"
"TCGA-A8-A08B-01A-11R-A00Z-07","TCGA-A8-A08B","Primary Tumor"
"TCGA-E9-A6HE-01A-11R-A31O-07","TCGA-E9-A6HE","Primary Tumor"
"TCGA-A2-A25B-01A-11R-A169-07","TCGA-A2-A25B","Primary Tumor"
"TCGA-AC-A4ZE-01A-11R-A41B-07","TCGA-AC-A4ZE","Primary Tumor"
"TCGA-A2-A0CR-01A-11R-A22K-07","TCGA-A2-A0CR","Primary Tumor"
"TCGA-D8-A1JG-01B-11R-A13Q-07","TCGA-D8-A1JG","Primary Tumor"
"TCGA-E2-A15L-01A-11R-A12D-07","TCGA-E2-A15L","Primary Tumor"
"TCGA-A7-A6VV-01A-22R-A33J-07","TCGA-A7-A6VV","Primary Tumor"
"TCGA-B6-A0IA-01A-11R-A034-07","TCGA-B6-A0IA","Primary Tumor"
"TCGA-AN-A0FL-01A-11R-A034-07","TCGA-AN-A0FL","Primary Tumor"
"TCGA-C8-A12Y-01A-11R-A12D-07","TCGA-C8-A12Y","Primary Tumor"
"TCGA-D8-A1Y2-01A-11R-A157-07","TCGA-D8-A1Y2","Primary Tumor"
"TCGA-C8-A1HN-01A-11R-A137-07","TCGA-C8-A1HN","Primary Tumor"
"TCGA-E2-A1B1-01A-21R-A12P-07","TCGA-E2-A1B1","Primary Tumor"
"TCGA-A8-A08J-01A-11R-A00Z-07","TCGA-A8-A08J","Primary Tumor"
"TCGA-E9-A1NF-11A-73R-A14D-07","TCGA-E9-A1NF","Solid Tissue Normal"
"TCGA-C8-A138-01A-11R-A115-07","TCGA-C8-A138","Primary Tumor"
"TCGA-GM-A5PV-01A-11R-A28M-07","TCGA-GM-A5PV","Primary Tumor"
"TCGA-C8-A12M-01A-11R-A115-07","TCGA-C8-A12M","Primary Tumor"
"TCGA-B6-A0WX-01A-11R-A109-07","TCGA-B6-A0WX","Primary Tumor"
"TCGA-BH-A0W7-01A-11R-A115-07","TCGA-BH-A0W7","Primary Tumor"
"TCGA-BH-A0HN-01A-11R-A10U-07","TCGA-BH-A0HN","Primary Tumor"
"TCGA-A2-A0EQ-01A-11R-A034-07","TCGA-A2-A0EQ","Primary Tumor"
"TCGA-BH-A209-11A-42R-A157-07","TCGA-BH-A209","Solid Tissue Normal"
"TCGA-AC-A2FK-01A-12R-A180-07","TCGA-AC-A2FK","Primary Tumor"
"TCGA-BH-A0B5-01A-11R-A12P-07","TCGA-BH-A0B5","Primary Tumor"
"TCGA-GM-A2DK-01A-21R-A180-07","TCGA-GM-A2DK","Primary Tumor"
"TCGA-C8-A131-01A-11R-A115-07","TCGA-C8-A131","Primary Tumor"
"TCGA-A8-A06N-01A-11R-A00Z-07","TCGA-A8-A06N","Primary Tumor"
"TCGA-D8-A1X6-01A-11R-A14M-07","TCGA-D8-A1X6","Primary Tumor"
"TCGA-AN-A046-01A-21R-A034-07","TCGA-AN-A046","Primary Tumor"
"TCGA-E9-A5UO-01A-11R-A28M-07","TCGA-E9-A5UO","Primary Tumor"
"TCGA-EW-A1IX-01A-12R-A144-07","TCGA-EW-A1IX","Primary Tumor"
"TCGA-BH-A0BL-01A-11R-A115-07","TCGA-BH-A0BL","Primary Tumor"
"TCGA-AN-A0XP-01A-11R-A109-07","TCGA-AN-A0XP","Primary Tumor"
"TCGA-AO-A03M-01B-11R-A10J-07","TCGA-AO-A03M","Primary Tumor"
"TCGA-AR-A1AL-01A-21R-A12P-07","TCGA-AR-A1AL","Primary Tumor"
"TCGA-B6-A0IC-01A-11R-A034-07","TCGA-B6-A0IC","Primary Tumor"
"TCGA-BH-A1ES-01A-11R-A137-07","TCGA-BH-A1ES","Primary Tumor"
"TCGA-BH-A0DT-01A-21R-A12D-07","TCGA-BH-A0DT","Primary Tumor"
"TCGA-A8-A0A9-01A-11R-A00Z-07","TCGA-A8-A0A9","Primary Tumor"
"TCGA-C8-A12X-01A-11R-A115-07","TCGA-C8-A12X","Primary Tumor"
"TCGA-AC-A2BK-01A-11R-A21T-07","TCGA-AC-A2BK","Primary Tumor"
"TCGA-E2-A15A-01A-11R-A12D-07","TCGA-E2-A15A","Primary Tumor"
"TCGA-E2-A14N-01A-31R-A137-07","TCGA-E2-A14N","Primary Tumor"
"TCGA-Z7-A8R5-01A-42R-A41B-07","TCGA-Z7-A8R5","Primary Tumor"
"TCGA-A2-A0D2-01A-21R-A034-07","TCGA-A2-A0D2","Primary Tumor"
"TCGA-C8-A8HQ-01A-11R-A36F-07","TCGA-C8-A8HQ","Primary Tumor"
"TCGA-A2-A4S2-01A-12R-A266-07","TCGA-A2-A4S2","Primary Tumor"
"TCGA-AC-A3TM-01A-11R-A22K-07","TCGA-AC-A3TM","Primary Tumor"
"TCGA-LL-A5YP-01A-21R-A28M-07","TCGA-LL-A5YP","Primary Tumor"
"TCGA-D8-A1JA-01A-11R-A13Q-07","TCGA-D8-A1JA","Primary Tumor"
"TCGA-AN-A04C-01A-21R-A034-07","TCGA-AN-A04C","Primary Tumor"
"TCGA-D8-A27E-01A-11R-A16F-07","TCGA-D8-A27E","Primary Tumor"
"TCGA-A7-A26J-01A-11R-A169-07","TCGA-A7-A26J","Primary Tumor"
"TCGA-D8-A1XO-01A-11R-A14M-07","TCGA-D8-A1XO","Primary Tumor"
"TCGA-BH-A1F2-11A-32R-A13Q-07","TCGA-BH-A1F2","Solid Tissue Normal"
"TCGA-A1-A0SO-01A-22R-A084-07","TCGA-A1-A0SO","Primary Tumor"
"TCGA-C8-A12W-01A-11R-A115-07","TCGA-C8-A12W","Primary Tumor"
"TCGA-AC-A2FB-11A-13R-A17B-07","TCGA-AC-A2FB","Solid Tissue Normal"
"TCGA-A7-A26E-01A-11R-A169-07","TCGA-A7-A26E","Primary Tumor"
"TCGA-C8-A12K-01A-21R-A115-07","TCGA-C8-A12K","Primary Tumor"
"TCGA-AR-A24O-01A-11R-A169-07","TCGA-AR-A24O","Primary Tumor"
"TCGA-5L-AAT1-01A-12R-A41B-07","TCGA-5L-AAT1","Primary Tumor"
"TCGA-A8-A06T-01A-11R-A00Z-07","TCGA-A8-A06T","Primary Tumor"
"TCGA-A8-A06U-01A-11R-A00Z-07","TCGA-A8-A06U","Primary Tumor"
"TCGA-PL-A8LV-01A-21R-A41B-07","TCGA-PL-A8LV","Primary Tumor"
"TCGA-AR-A0U0-01A-11R-A109-07","TCGA-AR-A0U0","Primary Tumor"
"TCGA-AO-A1KQ-01A-11R-A13Q-07","TCGA-AO-A1KQ","Primary Tumor"
"TCGA-E9-A1R2-01A-11R-A14D-07","TCGA-E9-A1R2","Primary Tumor"
"TCGA-BH-A18L-01A-32R-A12D-07","TCGA-BH-A18L","Primary Tumor"
"TCGA-E2-A1IG-01A-11R-A144-07","TCGA-E2-A1IG","Primary Tumor"
"TCGA-D8-A1XV-01A-11R-A14M-07","TCGA-D8-A1XV","Primary Tumor"
"TCGA-BH-A1FD-01A-11R-A13Q-07","TCGA-BH-A1FD","Primary Tumor"
"TCGA-AR-A2LM-01A-11R-A180-07","TCGA-AR-A2LM","Primary Tumor"
"TCGA-D8-A27R-01A-11R-A16F-07","TCGA-D8-A27R","Primary Tumor"
"TCGA-A8-A07S-01A-11R-A034-07","TCGA-A8-A07S","Primary Tumor"
"TCGA-A2-A0CO-01A-13R-A22K-07","TCGA-A2-A0CO","Primary Tumor"
"TCGA-BH-A0DI-01A-21R-A12P-07","TCGA-BH-A0DI","Primary Tumor"
"TCGA-BH-A0BS-01A-11R-A12P-07","TCGA-BH-A0BS","Primary Tumor"
"TCGA-E2-A15R-01A-11R-A115-07","TCGA-E2-A15R","Primary Tumor"
"TCGA-E9-A1NA-11A-33R-A144-07","TCGA-E9-A1NA","Solid Tissue Normal"
"TCGA-BH-A0W5-01A-11R-A109-07","TCGA-BH-A0W5","Primary Tumor"
"TCGA-AR-A24T-01A-11R-A169-07","TCGA-AR-A24T","Primary Tumor"
"TCGA-A1-A0SB-01A-11R-A144-07","TCGA-A1-A0SB","Primary Tumor"
"TCGA-E2-A572-01A-13R-A31O-07","TCGA-E2-A572","Primary Tumor"
"TCGA-OL-A66K-01A-11R-A29R-07","TCGA-OL-A66K","Primary Tumor"
"TCGA-A8-A0A2-01A-11R-A034-07","TCGA-A8-A0A2","Primary Tumor"
"TCGA-C8-A12V-01A-11R-A115-07","TCGA-C8-A12V","Primary Tumor"
"TCGA-A8-A095-01A-11R-A00Z-07","TCGA-A8-A095","Primary Tumor"
"TCGA-BH-A1EN-01A-11R-A13Q-07","TCGA-BH-A1EN","Primary Tumor"
"TCGA-BH-A0BW-01A-11R-A115-07","TCGA-BH-A0BW","Primary Tumor"
"TCGA-A2-A3XW-01A-11R-A239-07","TCGA-A2-A3XW","Primary Tumor"
"TCGA-B6-A0WT-01A-11R-A109-07","TCGA-B6-A0WT","Primary Tumor"
"TCGA-BH-A1FB-01A-11R-A13Q-07","TCGA-BH-A1FB","Primary Tumor"
"TCGA-EW-A1PC-01B-11R-A21T-07","TCGA-EW-A1PC","Primary Tumor"
"TCGA-BH-A1F8-01A-11R-A13Q-07","TCGA-BH-A1F8","Primary Tumor"
"TCGA-D8-A1Y3-01A-11R-A157-07","TCGA-D8-A1Y3","Primary Tumor"
"TCGA-BH-A0HL-01A-11R-A10U-07","TCGA-BH-A0HL","Primary Tumor"
"TCGA-A8-A08P-01A-11R-A00Z-07","TCGA-A8-A08P","Primary Tumor"
"TCGA-EW-A1J2-01A-21R-A13Q-07","TCGA-EW-A1J2","Primary Tumor"
"TCGA-BH-A0B2-01A-11R-A10J-07","TCGA-BH-A0B2","Primary Tumor"
"TCGA-BH-A0H9-01A-11R-A056-07","TCGA-BH-A0H9","Primary Tumor"
"TCGA-BH-A0BQ-11A-33R-A115-07","TCGA-BH-A0BQ","Solid Tissue Normal"
"TCGA-B6-A0IH-01A-11R-A115-07","TCGA-B6-A0IH","Primary Tumor"
"TCGA-EW-A1PH-01A-11R-A14M-07","TCGA-EW-A1PH","Primary Tumor"
"TCGA-AC-A62X-01A-11R-A29R-07","TCGA-AC-A62X","Primary Tumor"
"TCGA-A8-A083-01A-21R-A00Z-07","TCGA-A8-A083","Primary Tumor"
"TCGA-EW-A424-01A-11R-A24H-07","TCGA-EW-A424","Primary Tumor"
"TCGA-E2-A15S-01A-11R-A115-07","TCGA-E2-A15S","Primary Tumor"
"TCGA-B6-A0RO-01A-22R-A084-07","TCGA-B6-A0RO","Primary Tumor"
"TCGA-A7-A4SF-01A-11R-A266-07","TCGA-A7-A4SF","Primary Tumor"
"TCGA-D8-A27I-01A-11R-A16F-07","TCGA-D8-A27I","Primary Tumor"
"TCGA-E2-A15I-01A-21R-A137-07","TCGA-E2-A15I","Primary Tumor"
"TCGA-BH-A18G-01A-11R-A12D-07","TCGA-BH-A18G","Primary Tumor"
"TCGA-BH-A0DT-11A-12R-A12D-07","TCGA-BH-A0DT","Solid Tissue Normal"
"TCGA-A2-A0EV-01A-11R-A034-07","TCGA-A2-A0EV","Primary Tumor"
"TCGA-AR-A0U4-01A-11R-A109-07","TCGA-AR-A0U4","Primary Tumor"
"TCGA-BH-A18I-01A-11R-A12D-07","TCGA-BH-A18I","Primary Tumor"
"TCGA-A7-A0CE-11A-21R-A089-07","TCGA-A7-A0CE","Solid Tissue Normal"
"TCGA-B6-A0RU-01A-11R-A084-07","TCGA-B6-A0RU","Primary Tumor"
"TCGA-A7-A26J-01B-02R-A277-07","TCGA-A7-A26J","Primary Tumor"
"TCGA-A7-A13G-01B-04R-A22O-07","TCGA-A7-A13G","Primary Tumor"
"TCGA-A7-A3IY-01A-21R-A21T-07","TCGA-A7-A3IY","Primary Tumor"
"TCGA-BH-A0C0-01A-21R-A056-07","TCGA-BH-A0C0","Primary Tumor"
"TCGA-BH-A0C0-11A-21R-A089-07","TCGA-BH-A0C0","Solid Tissue Normal"
"TCGA-A2-A4RW-01A-21R-A266-07","TCGA-A2-A4RW","Primary Tumor"
"TCGA-D8-A143-01A-11R-A115-07","TCGA-D8-A143","Primary Tumor"
"TCGA-A7-A4SB-01A-21R-A266-07","TCGA-A7-A4SB","Primary Tumor"
"TCGA-A2-A0YM-01A-11R-A109-07","TCGA-A2-A0YM","Primary Tumor"
"TCGA-E2-A1LE-01A-12R-A19W-07","TCGA-E2-A1LE","Primary Tumor"
"TCGA-E2-A1IG-11A-22R-A144-07","TCGA-E2-A1IG","Solid Tissue Normal"
"TCGA-AO-A03N-01B-11R-A10J-07","TCGA-AO-A03N","Primary Tumor"
"TCGA-E2-A1LI-01A-12R-A157-07","TCGA-E2-A1LI","Primary Tumor"
"TCGA-BH-A1FD-11B-21R-A13Q-07","TCGA-BH-A1FD","Solid Tissue Normal"
"TCGA-D8-A1XR-01A-11R-A14M-07","TCGA-D8-A1XR","Primary Tumor"
"TCGA-OL-A5RY-01A-21R-A28M-07","TCGA-OL-A5RY","Primary Tumor"
"TCGA-D8-A1JJ-01A-31R-A14M-07","TCGA-D8-A1JJ","Primary Tumor"
"TCGA-BH-A0BS-11A-11R-A12P-07","TCGA-BH-A0BS","Solid Tissue Normal"
"TCGA-E9-A1NA-01A-11R-A144-07","TCGA-E9-A1NA","Primary Tumor"
"TCGA-B6-A1KI-01A-11R-A14M-07","TCGA-B6-A1KI","Primary Tumor"
"TCGA-S3-AA11-01A-31R-A41B-07","TCGA-S3-AA11","Primary Tumor"
"TCGA-BH-A0EI-01A-11R-A115-07","TCGA-BH-A0EI","Primary Tumor"
"TCGA-3C-AALJ-01A-31R-A41B-07","TCGA-3C-AALJ","Primary Tumor"
"TCGA-AR-A0TW-01A-11R-A084-07","TCGA-AR-A0TW","Primary Tumor"
"TCGA-AR-A24M-01A-11R-A169-07","TCGA-AR-A24M","Primary Tumor"
"TCGA-AO-A124-01A-11R-A10J-07","TCGA-AO-A124","Primary Tumor"
"TCGA-BH-A1FE-06A-11R-A213-07","TCGA-BH-A1FE","Metastatic"
"TCGA-B6-A0RT-01A-21R-A084-07","TCGA-B6-A0RT","Primary Tumor"
"TCGA-D8-A27G-01A-11R-A16F-07","TCGA-D8-A27G","Primary Tumor"
"TCGA-BH-A1FB-11A-33R-A13Q-07","TCGA-BH-A1FB","Solid Tissue Normal"
"TCGA-E9-A5UP-01A-11R-A28M-07","TCGA-E9-A5UP","Primary Tumor"
"TCGA-A7-A26F-01B-04R-A22O-07","TCGA-A7-A26F","Primary Tumor"
"TCGA-E9-A1NF-01A-11R-A14D-07","TCGA-E9-A1NF","Primary Tumor"
"TCGA-E2-A1IN-01A-11R-A13Q-07","TCGA-E2-A1IN","Primary Tumor"
"TCGA-E2-A14S-01A-11R-A12D-07","TCGA-E2-A14S","Primary Tumor"
"TCGA-E9-A1RI-01A-11R-A169-07","TCGA-E9-A1RI","Primary Tumor"
"TCGA-AR-A2LJ-01A-12R-A19W-07","TCGA-AR-A2LJ","Primary Tumor"
"TCGA-EW-A1P8-01A-11R-A144-07","TCGA-EW-A1P8","Primary Tumor"
"TCGA-AR-A0U2-01A-11R-A109-07","TCGA-AR-A0U2","Primary Tumor"
"TCGA-A2-A3KD-01A-12R-A213-07","TCGA-A2-A3KD","Primary Tumor"
"TCGA-BH-A1F5-01A-12R-A13Q-07","TCGA-BH-A1F5","Primary Tumor"
"TCGA-C8-A1HK-01A-21R-A13Q-07","TCGA-C8-A1HK","Primary Tumor"
"TCGA-A8-A081-01A-11R-A00Z-07","TCGA-A8-A081","Primary Tumor"
"TCGA-A2-A0YT-01A-11R-A109-07","TCGA-A2-A0YT","Primary Tumor"
"TCGA-D8-A1XC-01A-11R-A14D-07","TCGA-D8-A1XC","Primary Tumor"
"TCGA-BH-A1F6-01A-11R-A13Q-07","TCGA-BH-A1F6","Primary Tumor"
"TCGA-C8-A12Q-01A-11R-A115-07","TCGA-C8-A12Q","Primary Tumor"
"TCGA-A2-A0EY-01A-11R-A034-07","TCGA-A2-A0EY","Primary Tumor"
"TCGA-A8-A07U-01A-11R-A034-07","TCGA-A8-A07U","Primary Tumor"
"TCGA-EW-A3E8-01B-11R-A24H-07","TCGA-EW-A3E8","Primary Tumor"
"TCGA-BH-A0BV-01A-11R-A00Z-07","TCGA-BH-A0BV","Primary Tumor"
"TCGA-A2-A04X-01A-21R-A034-07","TCGA-A2-A04X","Primary Tumor"
"TCGA-GM-A3XG-01A-31R-A24H-07","TCGA-GM-A3XG","Primary Tumor"
"TCGA-BH-A18N-01A-11R-A12D-07","TCGA-BH-A18N","Primary Tumor"
"TCGA-AR-A5QM-01A-11R-A27Q-07","TCGA-AR-A5QM","Primary Tumor"
"TCGA-E2-A10C-01A-21R-A10J-07","TCGA-E2-A10C","Primary Tumor"
"TCGA-A2-A04Y-01A-21R-A034-07","TCGA-A2-A04Y","Primary Tumor"
"TCGA-A7-A0CH-11A-32R-A089-07","TCGA-A7-A0CH","Solid Tissue Normal"
"TCGA-E9-A1N4-11A-33R-A14M-07","TCGA-E9-A1N4","Solid Tissue Normal"
"TCGA-A7-A0CH-01A-21R-A00Z-07","TCGA-A7-A0CH","Primary Tumor"
"TCGA-A7-A26J-01A-11R-A277-07","TCGA-A7-A26J","Primary Tumor"
"TCGA-BH-A1F2-01A-31R-A13Q-07","TCGA-BH-A1F2","Primary Tumor"
"TCGA-BH-A42T-01A-11R-A24H-07","TCGA-BH-A42T","Primary Tumor"
"TCGA-AN-A0AM-01A-11R-A034-07","TCGA-AN-A0AM","Primary Tumor"
"TCGA-A7-A13G-11A-51R-A13Q-07","TCGA-A7-A13G","Solid Tissue Normal"
"TCGA-HN-A2NL-01A-11R-A18M-07","TCGA-HN-A2NL","Primary Tumor"
"TCGA-AC-A2FB-01A-11R-A17B-07","TCGA-AC-A2FB","Primary Tumor"
"TCGA-BH-A0H3-01A-11R-A12P-07","TCGA-BH-A0H3","Primary Tumor"
"TCGA-AQ-A0Y5-01A-11R-A14M-07","TCGA-AQ-A0Y5","Primary Tumor"
"TCGA-A7-A0CD-01A-11R-A00Z-07","TCGA-A7-A0CD","Primary Tumor"
"TCGA-LL-A6FP-01A-11R-A31O-07","TCGA-LL-A6FP","Primary Tumor"
"TCGA-BH-A0BD-01A-11R-A034-07","TCGA-BH-A0BD","Primary Tumor"
"TCGA-A8-A07G-01A-11R-A034-07","TCGA-A8-A07G","Primary Tumor"
"TCGA-D8-A146-01A-31R-A115-07","TCGA-D8-A146","Primary Tumor"
"TCGA-C8-A1HI-01A-11R-A137-07","TCGA-C8-A1HI","Primary Tumor"
"TCGA-E9-A1R4-01A-21R-A14D-07","TCGA-E9-A1R4","Primary Tumor"
"TCGA-A8-A07E-01A-11R-A034-07","TCGA-A8-A07E","Primary Tumor"
"TCGA-AC-A2QH-01B-04R-A22O-07","TCGA-AC-A2QH","Primary Tumor"
"TCGA-A7-A0DA-01A-31R-A115-07","TCGA-A7-A0DA","Primary Tumor"
"TCGA-BH-A0B1-01A-12R-A056-07","TCGA-BH-A0B1","Primary Tumor"
"TCGA-BH-A18L-11A-42R-A12D-07","TCGA-BH-A18L","Solid Tissue Normal"
"TCGA-AR-A24Q-01A-12R-A169-07","TCGA-AR-A24Q","Primary Tumor"
"TCGA-E2-A155-01A-11R-A12D-07","TCGA-E2-A155","Primary Tumor"
"TCGA-A2-A0SV-01A-11R-A084-07","TCGA-A2-A0SV","Primary Tumor"
"TCGA-C8-A134-01A-11R-A115-07","TCGA-C8-A134","Primary Tumor"
"TCGA-BH-A0HA-01A-11R-A12P-07","TCGA-BH-A0HA","Primary Tumor"
"TCGA-B6-A0IM-01A-11R-A034-07","TCGA-B6-A0IM","Primary Tumor"
"TCGA-A2-A3XX-01A-21R-A239-07","TCGA-A2-A3XX","Primary Tumor"
"TCGA-BH-A0BW-11A-12R-A115-07","TCGA-BH-A0BW","Solid Tissue Normal"
"TCGA-BH-A1EN-11A-23R-A13Q-07","TCGA-BH-A1EN","Solid Tissue Normal"
"TCGA-A2-A0ET-01A-31R-A034-07","TCGA-A2-A0ET","Primary Tumor"
"TCGA-A2-A1G0-01A-11R-A13Q-07","TCGA-A2-A1G0","Primary Tumor"
"TCGA-AR-A0U3-01A-11R-A109-07","TCGA-AR-A0U3","Primary Tumor"
"TCGA-AC-A2BM-01A-11R-A21T-07","TCGA-AC-A2BM","Primary Tumor"
"TCGA-A2-A0CQ-01A-21R-A034-07","TCGA-A2-A0CQ","Primary Tumor"
"TCGA-AR-A2LN-01A-21R-A18M-07","TCGA-AR-A2LN","Primary Tumor"
"TCGA-A7-A6VX-01A-12R-A33J-07","TCGA-A7-A6VX","Primary Tumor"
"TCGA-A2-A1FW-01A-11R-A13Q-07","TCGA-A2-A1FW","Primary Tumor"
"TCGA-BH-A18T-01A-11R-A12D-07","TCGA-BH-A18T","Primary Tumor"
"TCGA-BH-A0H9-11A-22R-A466-07","TCGA-BH-A0H9","Solid Tissue Normal"
"TCGA-BH-A0BQ-01A-21R-A115-07","TCGA-BH-A0BQ","Primary Tumor"
"TCGA-BH-A0H0-01A-11R-A056-07","TCGA-BH-A0H0","Primary Tumor"
"TCGA-E9-A1RI-11A-41R-A169-07","TCGA-E9-A1RI","Solid Tissue Normal"
"TCGA-D8-A27K-01A-11R-A16F-07","TCGA-D8-A27K","Primary Tumor"
"TCGA-BH-A0BF-01A-21R-A12P-07","TCGA-BH-A0BF","Primary Tumor"
"TCGA-A8-A09B-01A-11R-A00Z-07","TCGA-A8-A09B","Primary Tumor"
"TCGA-BH-A0DP-01A-21R-A056-07","TCGA-BH-A0DP","Primary Tumor"
"TCGA-A1-A0SK-01A-12R-A084-07","TCGA-A1-A0SK","Primary Tumor"
"TCGA-W8-A86G-01A-21R-A36F-07","TCGA-W8-A86G","Primary Tumor"
"TCGA-E2-A574-01A-11R-A29R-07","TCGA-E2-A574","Primary Tumor"
"TCGA-A8-A093-01A-11R-A00Z-07","TCGA-A8-A093","Primary Tumor"
"TCGA-A8-A084-01A-21R-A00Z-07","TCGA-A8-A084","Primary Tumor"
"TCGA-BH-A0GZ-01A-11R-A056-07","TCGA-BH-A0GZ","Primary Tumor"
"TCGA-XX-A89A-01A-11R-A36F-07","TCGA-XX-A89A","Primary Tumor"
"TCGA-LL-A740-01A-21R-A32P-07","TCGA-LL-A740","Primary Tumor"
"TCGA-A2-A0T2-01A-11R-A084-07","TCGA-A2-A0T2","Primary Tumor"
"TCGA-E9-A1N6-01A-11R-A144-07","TCGA-E9-A1N6","Primary Tumor"
"TCGA-E9-A1NC-01A-21R-A26B-07","TCGA-E9-A1NC","Primary Tumor"
"TCGA-AR-A24H-01A-11R-A169-07","TCGA-AR-A24H","Primary Tumor"
"TCGA-E2-A1LB-11A-22R-A144-07","TCGA-E2-A1LB","Solid Tissue Normal"
"TCGA-BH-A1ES-06A-12R-A24H-07","TCGA-BH-A1ES","Metastatic"
"TCGA-A7-A3RF-01A-11R-A22K-07","TCGA-A7-A3RF","Primary Tumor"
"TCGA-B6-A0RG-01A-11R-A056-07","TCGA-B6-A0RG","Primary Tumor"
"TCGA-A2-A0EX-01A-21R-A034-07","TCGA-A2-A0EX","Primary Tumor"
"TCGA-E2-A1B5-01A-21R-A12P-07","TCGA-E2-A1B5","Primary Tumor"
"TCGA-GM-A2DI-01A-31R-A18M-07","TCGA-GM-A2DI","Primary Tumor"
"TCGA-BH-A18V-06A-11R-A213-07","TCGA-BH-A18V","Metastatic"
"TCGA-BH-A18V-01A-11R-A12D-07","TCGA-BH-A18V","Primary Tumor"
"TCGA-E9-A1N4-01A-11R-A14M-07","TCGA-E9-A1N4","Primary Tumor"
"TCGA-BH-A1EW-11B-33R-A137-07","TCGA-BH-A1EW","Solid Tissue Normal"
"TCGA-E2-A1II-01A-11R-A144-07","TCGA-E2-A1II","Primary Tumor"
"TCGA-A8-A06O-01A-11R-A00Z-07","TCGA-A8-A06O","Primary Tumor"
"TCGA-A7-A13G-01A-11R-A13Q-07","TCGA-A7-A13G","Primary Tumor"
"TCGA-LL-A440-01A-11R-A24H-07","TCGA-LL-A440","Primary Tumor"
"TCGA-LL-A6FR-01A-12R-A31O-07","TCGA-LL-A6FR","Primary Tumor"
"TCGA-AN-A0FX-01A-11R-A034-07","TCGA-AN-A0FX","Primary Tumor"
"TCGA-BH-A0BG-01A-11R-A115-07","TCGA-BH-A0BG","Primary Tumor"
"TCGA-B6-A0IN-01A-11R-A034-07","TCGA-B6-A0IN","Primary Tumor"
"TCGA-E9-A248-01A-11R-A169-07","TCGA-E9-A248","Primary Tumor"
"TCGA-A2-A0ST-01A-12R-A084-07","TCGA-A2-A0ST","Primary Tumor"
"TCGA-A8-A06Y-01A-21R-A00Z-07","TCGA-A8-A06Y","Primary Tumor"
"TCGA-B6-A0IB-01A-11R-A034-07","TCGA-B6-A0IB","Primary Tumor"
"TCGA-EW-A1P5-01A-11R-A144-07","TCGA-EW-A1P5","Primary Tumor"
"TCGA-E2-A15K-01A-11R-A12P-07","TCGA-E2-A15K","Primary Tumor"
"TCGA-AN-A0FJ-01A-11R-A00Z-07","TCGA-AN-A0FJ","Primary Tumor"
"TCGA-BH-A18P-01A-11R-A12D-07","TCGA-BH-A18P","Primary Tumor"
"TCGA-3C-AALI-01A-11R-A41B-07","TCGA-3C-AALI","Primary Tumor"
"TCGA-E2-A159-01A-11R-A115-07","TCGA-E2-A159","Primary Tumor"
"TCGA-D8-A1XT-01A-11R-A14M-07","TCGA-D8-A1XT","Primary Tumor"
"TCGA-BH-A1FG-11B-12R-A13Q-07","TCGA-BH-A1FG","Solid Tissue Normal"
"TCGA-E2-A14Z-01A-11R-A115-07","TCGA-E2-A14Z","Primary Tumor"
"TCGA-AR-A1AV-01A-21R-A12P-07","TCGA-AR-A1AV","Primary Tumor"
"TCGA-C8-A8HP-01A-11R-A36F-07","TCGA-C8-A8HP","Primary Tumor"
"TCGA-E9-A244-01A-11R-A169-07","TCGA-E9-A244","Primary Tumor"
"TCGA-AR-A0TT-01A-31R-A084-07","TCGA-AR-A0TT","Primary Tumor"
"TCGA-E2-A15K-11A-13R-A12P-07","TCGA-E2-A15K","Solid Tissue Normal"
"TCGA-BH-A1FL-01A-11R-A13Q-07","TCGA-BH-A1FL","Primary Tumor"
"TCGA-B6-A0X1-01A-11R-A109-07","TCGA-B6-A0X1","Primary Tumor"
"TCGA-A7-A0D9-01A-31R-A056-07","TCGA-A7-A0D9","Primary Tumor"
"TCGA-A2-A0SX-01A-12R-A084-07","TCGA-A2-A0SX","Primary Tumor"
"TCGA-EW-A1OY-01A-11R-A144-07","TCGA-EW-A1OY","Primary Tumor"
"TCGA-B6-A0RL-01A-11R-A084-07","TCGA-B6-A0RL","Primary Tumor"
"TCGA-D8-A1JK-01A-11R-A13Q-07","TCGA-D8-A1JK","Primary Tumor"
"TCGA-E9-A22E-01A-11R-A157-07","TCGA-E9-A22E","Primary Tumor"
"TCGA-A8-A08Z-01A-21R-A00Z-07","TCGA-A8-A08Z","Primary Tumor"
"TCGA-EW-A3U0-01A-11R-A22K-07","TCGA-EW-A3U0","Primary Tumor"
"TCGA-D8-A27N-01A-11R-A16F-07","TCGA-D8-A27N","Primary Tumor"
"TCGA-E2-A14R-01A-11R-A115-07","TCGA-E2-A14R","Primary Tumor"
"TCGA-BH-A18K-11A-13R-A12D-07","TCGA-BH-A18K","Solid Tissue Normal"
"TCGA-BH-A1FH-11B-42R-A13Q-07","TCGA-BH-A1FH","Solid Tissue Normal"
"TCGA-BH-A1FH-01A-12R-A13Q-07","TCGA-BH-A1FH","Primary Tumor"
"TCGA-A7-A3IZ-01A-11R-A213-07","TCGA-A7-A3IZ","Primary Tumor"
"TCGA-E9-A1NG-01A-21R-A14M-07","TCGA-E9-A1NG","Primary Tumor"
"TCGA-B6-A0WS-01A-11R-A115-07","TCGA-B6-A0WS","Primary Tumor"
"TCGA-BH-A0B3-11B-21R-A089-07","TCGA-BH-A0B3","Solid Tissue Normal"
"TCGA-BH-A0B3-01A-11R-A056-07","TCGA-BH-A0B3","Primary Tumor"
"TCGA-AR-A250-01A-31R-A169-07","TCGA-AR-A250","Primary Tumor"
"TCGA-AR-A24P-01A-11R-A169-07","TCGA-AR-A24P","Primary Tumor"
"TCGA-BH-A1EU-01A-11R-A137-07","TCGA-BH-A1EU","Primary Tumor"
"TCGA-AO-A0J2-01A-11R-A034-07","TCGA-AO-A0J2","Primary Tumor"
"TCGA-BH-A0B8-01A-21R-A056-07","TCGA-BH-A0B8","Primary Tumor"
"TCGA-A2-A0EW-01A-21R-A115-07","TCGA-A2-A0EW","Primary Tumor"
"TCGA-AC-A6NO-01A-12R-A33J-07","TCGA-AC-A6NO","Primary Tumor"
"TCGA-BH-A0DO-01B-11R-A12D-07","TCGA-BH-A0DO","Primary Tumor"
"TCGA-A8-A096-01A-11R-A00Z-07","TCGA-A8-A096","Primary Tumor"
"TCGA-AR-A256-01A-11R-A169-07","TCGA-AR-A256","Primary Tumor"
"TCGA-AO-A0JL-01A-11R-A056-07","TCGA-AO-A0JL","Primary Tumor"
"TCGA-AC-A8OS-01A-12R-A41B-07","TCGA-AC-A8OS","Primary Tumor"
"TCGA-D8-A1JD-01A-11R-A13Q-07","TCGA-D8-A1JD","Primary Tumor"
"TCGA-B6-A409-01A-11R-A24H-07","TCGA-B6-A409","Primary Tumor"
"TCGA-BH-A0HF-01A-11R-A056-07","TCGA-BH-A0HF","Primary Tumor"
"TCGA-BH-A18K-01A-11R-A12D-07","TCGA-BH-A18K","Primary Tumor"
"TCGA-A2-A3Y0-01A-11R-A239-07","TCGA-A2-A3Y0","Primary Tumor"
"TCGA-A2-A3XV-01A-21R-A239-07","TCGA-A2-A3XV","Primary Tumor"
"TCGA-E9-A22H-01A-11R-A157-07","TCGA-E9-A22H","Primary Tumor"
"TCGA-A7-A0D9-11A-53R-A089-07","TCGA-A7-A0D9","Solid Tissue Normal"
"TCGA-A1-A0SI-01A-11R-A144-07","TCGA-A1-A0SI","Primary Tumor"
"TCGA-A2-A0CZ-01A-11R-A034-07","TCGA-A2-A0CZ","Primary Tumor"
"TCGA-BH-A1EU-11A-23R-A137-07","TCGA-BH-A1EU","Solid Tissue Normal"
"TCGA-BH-A8FZ-01A-11R-A352-07","TCGA-BH-A8FZ","Primary Tumor"
"TCGA-E2-A15P-01A-11R-A115-07","TCGA-E2-A15P","Primary Tumor"
"TCGA-E9-A243-01A-21R-A169-07","TCGA-E9-A243","Primary Tumor"
"TCGA-BH-A1FG-01A-11R-A13Q-07","TCGA-BH-A1FG","Primary Tumor"
"TCGA-E2-A1BC-01A-11R-A12P-07","TCGA-E2-A1BC","Primary Tumor"
"TCGA-OL-A6VR-01A-32R-A33J-07","TCGA-OL-A6VR","Primary Tumor"
"TCGA-AC-A3BB-01A-21R-A19W-07","TCGA-AC-A3BB","Primary Tumor"
"TCGA-A8-A09Q-01A-11R-A00Z-07","TCGA-A8-A09Q","Primary Tumor"
"TCGA-B6-A0RE-01A-11R-A056-07","TCGA-B6-A0RE","Primary Tumor"
"TCGA-E2-A15E-01A-11R-A12D-07","TCGA-E2-A15E","Primary Tumor"
"TCGA-BH-A0H7-01A-13R-A056-07","TCGA-BH-A0H7","Primary Tumor"
"TCGA-BH-A0E0-01A-11R-A056-07","TCGA-BH-A0E0","Primary Tumor"
"TCGA-A2-A3KC-01A-11R-A213-07","TCGA-A2-A3KC","Primary Tumor"
"TCGA-E2-A1LL-01A-11R-A144-07","TCGA-E2-A1LL","Primary Tumor"
"TCGA-BH-A18U-01A-21R-A12D-07","TCGA-BH-A18U","Primary Tumor"
"TCGA-A8-A06Z-01A-11R-A00Z-07","TCGA-A8-A06Z","Primary Tumor"
"TCGA-A8-A0AB-01A-11R-A034-07","TCGA-A8-A0AB","Primary Tumor"
"TCGA-AR-A1AJ-01A-21R-A12P-07","TCGA-AR-A1AJ","Primary Tumor"
"TCGA-BH-A18U-11A-23R-A12D-07","TCGA-BH-A18U","Solid Tissue Normal"
"TCGA-A2-A0T1-01A-21R-A084-07","TCGA-A2-A0T1","Primary Tumor"
"TCGA-A2-A0D1-01A-11R-A034-07","TCGA-A2-A0D1","Primary Tumor"
"TCGA-AO-A0JC-01A-11R-A056-07","TCGA-AO-A0JC","Primary Tumor"
"TCGA-GM-A3XL-01A-11R-A22U-07","TCGA-GM-A3XL","Primary Tumor"
"TCGA-B6-A0WZ-01A-11R-A109-07","TCGA-B6-A0WZ","Primary Tumor"
"TCGA-D8-A1XY-01A-11R-A14M-07","TCGA-D8-A1XY","Primary Tumor"
"TCGA-S3-AA12-01A-11R-A41B-07","TCGA-S3-AA12","Primary Tumor"
"TCGA-EW-A1P7-01A-21R-A144-07","TCGA-EW-A1P7","Primary Tumor"
"TCGA-A8-A07Z-01A-11R-A00Z-07","TCGA-A8-A07Z","Primary Tumor"
"TCGA-BH-A0E0-11A-13R-A089-07","TCGA-BH-A0E0","Solid Tissue Normal"
"TCGA-B6-A0RN-01A-12R-A084-07","TCGA-B6-A0RN","Primary Tumor"
"TCGA-LL-A5YL-01A-12R-A29R-07","TCGA-LL-A5YL","Primary Tumor"
"TCGA-A8-A0A4-01A-11R-A00Z-07","TCGA-A8-A0A4","Primary Tumor"
"TCGA-S3-AA10-01A-21R-A41B-07","TCGA-S3-AA10","Primary Tumor"
"TCGA-A8-A076-01A-21R-A00Z-07","TCGA-A8-A076","Primary Tumor"
"TCGA-OL-A66O-01A-11R-A31O-07","TCGA-OL-A66O","Primary Tumor"
"TCGA-A7-A13F-11A-42R-A12P-07","TCGA-A7-A13F","Solid Tissue Normal"
"TCGA-AC-A3YI-01A-21R-A239-07","TCGA-AC-A3YI","Primary Tumor"
"TCGA-V7-A7HQ-01A-11R-A33J-07","TCGA-V7-A7HQ","Primary Tumor"
"TCGA-A2-A0T6-01A-11R-A084-07","TCGA-A2-A0T6","Primary Tumor"
"TCGA-D8-A1JC-01A-11R-A13Q-07","TCGA-D8-A1JC","Primary Tumor"
"TCGA-A7-A26E-01B-06R-A277-07","TCGA-A7-A26E","Primary Tumor"
"TCGA-BH-A0DX-01A-11R-A115-07","TCGA-BH-A0DX","Primary Tumor"
"TCGA-C8-A137-01A-11R-A115-07","TCGA-C8-A137","Primary Tumor"
"TCGA-E9-A1N3-01A-12R-A157-07","TCGA-E9-A1N3","Primary Tumor"
"TCGA-B6-A0IJ-01A-11R-A034-07","TCGA-B6-A0IJ","Primary Tumor"
"TCGA-BH-A0B7-01A-12R-A115-07","TCGA-BH-A0B7","Primary Tumor"
"TCGA-D8-A1XZ-01A-11R-A14M-07","TCGA-D8-A1XZ","Primary Tumor"
"TCGA-A7-A4SA-01A-11R-A266-07","TCGA-A7-A4SA","Primary Tumor"
"TCGA-AR-A24L-01A-11R-A169-07","TCGA-AR-A24L","Primary Tumor"
"TCGA-BH-A1F0-11B-23R-A137-07","TCGA-BH-A1F0","Solid Tissue Normal"
"TCGA-AN-A0FY-01A-11R-A034-07","TCGA-AN-A0FY","Primary Tumor"
"TCGA-AO-A12E-01A-11R-A10J-07","TCGA-AO-A12E","Primary Tumor"
"TCGA-BH-A1F0-01A-11R-A137-07","TCGA-BH-A1F0","Primary Tumor"
"TCGA-E2-A15J-01A-11R-A12P-07","TCGA-E2-A15J","Primary Tumor"
"TCGA-BH-A0AZ-11A-22R-A12P-07","TCGA-BH-A0AZ","Solid Tissue Normal"
"TCGA-B6-A0I6-01A-11R-A034-07","TCGA-B6-A0I6","Primary Tumor"
"TCGA-LL-A7SZ-01A-32R-A352-07","TCGA-LL-A7SZ","Primary Tumor"
"TCGA-A8-A07W-01A-11R-A00Z-07","TCGA-A8-A07W","Primary Tumor"
"TCGA-BH-AB28-01A-31R-A41B-07","TCGA-BH-AB28","Primary Tumor"
"TCGA-A1-A0SQ-01A-21R-A144-07","TCGA-A1-A0SQ","Primary Tumor"
"TCGA-GM-A3XN-01A-12R-A22U-07","TCGA-GM-A3XN","Primary Tumor"
"TCGA-E2-A1IE-01A-11R-A13Q-07","TCGA-E2-A1IE","Primary Tumor"
"TCGA-A2-A0ES-01A-11R-A115-07","TCGA-A2-A0ES","Primary Tumor"
"TCGA-AC-A7VC-01A-11R-A352-07","TCGA-AC-A7VC","Primary Tumor"
"TCGA-D8-A1XG-01A-11R-A14D-07","TCGA-D8-A1XG","Primary Tumor"
"TCGA-BH-A0BT-01A-11R-A12P-07","TCGA-BH-A0BT","Primary Tumor"
"TCGA-A2-A3XY-01A-11R-A239-07","TCGA-A2-A3XY","Primary Tumor"
"TCGA-BH-A0EA-01A-11R-A115-07","TCGA-BH-A0EA","Primary Tumor"
"TCGA-A7-A26E-01A-11R-A277-07","TCGA-A7-A26E","Primary Tumor"
"TCGA-B6-A0IO-01A-11R-A034-07","TCGA-B6-A0IO","Primary Tumor"
"TCGA-BH-A0H7-11A-13R-A089-07","TCGA-BH-A0H7","Solid Tissue Normal"
"TCGA-C8-A1HF-01A-11R-A137-07","TCGA-C8-A1HF","Primary Tumor"
"TCGA-B6-A0IQ-01A-11R-A034-07","TCGA-B6-A0IQ","Primary Tumor"
"TCGA-E2-A14U-01A-11R-A22K-07","TCGA-E2-A14U","Primary Tumor"
"TCGA-OL-A5RW-01A-11R-A28M-07","TCGA-OL-A5RW","Primary Tumor"
"TCGA-BH-A0BT-11A-21R-A12P-07","TCGA-BH-A0BT","Solid Tissue Normal"
"TCGA-B6-A0X0-01A-21R-A115-07","TCGA-B6-A0X0","Primary Tumor"
"TCGA-LD-A7W5-01A-22R-A352-07","TCGA-LD-A7W5","Primary Tumor"
"TCGA-BH-A18P-11A-43R-A12D-07","TCGA-BH-A18P","Solid Tissue Normal"
"TCGA-GI-A2C9-01A-11R-A21T-07","TCGA-GI-A2C9","Primary Tumor"
"TCGA-E2-A15H-01A-11R-A12D-07","TCGA-E2-A15H","Primary Tumor"
"TCGA-EW-A2FS-01A-11R-A17B-07","TCGA-EW-A2FS","Primary Tumor"
"TCGA-C8-A130-01A-31R-A115-07","TCGA-C8-A130","Primary Tumor"
"TCGA-OL-A5RV-01A-12R-A28M-07","TCGA-OL-A5RV","Primary Tumor"
"TCGA-BH-A0B8-11A-41R-A089-07","TCGA-BH-A0B8","Solid Tissue Normal"
"TCGA-BH-A0E7-01A-11R-A034-07","TCGA-BH-A0E7","Primary Tumor"
"TCGA-AC-A5XS-01A-11R-A29R-07","TCGA-AC-A5XS","Primary Tumor"
"TCGA-BH-A0DO-11A-22R-A12D-07","TCGA-BH-A0DO","Solid Tissue Normal"
"TCGA-AC-A2QJ-01A-12R-A19W-07","TCGA-AC-A2QJ","Primary Tumor"
"TCGA-A7-A426-01A-22R-A24H-07","TCGA-A7-A426","Primary Tumor"
"TCGA-AC-A2FE-01A-11R-A19W-07","TCGA-AC-A2FE","Primary Tumor"
"TCGA-A2-A04R-01A-41R-A109-07","TCGA-A2-A04R","Primary Tumor"
"TCGA-D8-A1JL-01A-11R-A13Q-07","TCGA-D8-A1JL","Primary Tumor"
"TCGA-A2-A25A-01A-12R-A16F-07","TCGA-A2-A25A","Primary Tumor"
"TCGA-BH-A0HX-01A-21R-A056-07","TCGA-BH-A0HX","Primary Tumor"
"TCGA-AN-A0AR-01A-11R-A00Z-07","TCGA-AN-A0AR","Primary Tumor"
"TCGA-E2-A156-01A-11R-A12D-07","TCGA-E2-A156","Primary Tumor"
"TCGA-EW-A1P6-01A-11R-A144-07","TCGA-EW-A1P6","Primary Tumor"
"TCGA-A7-A56D-01A-11R-A27Q-07","TCGA-A7-A56D","Primary Tumor"
"TCGA-AO-A0J6-01A-11R-A034-07","TCGA-AO-A0J6","Primary Tumor"
"TCGA-E9-A1ND-01A-11R-A144-07","TCGA-E9-A1ND","Primary Tumor"
"TCGA-BH-A0DK-01A-21R-A056-07","TCGA-BH-A0DK","Primary Tumor"
"TCGA-B6-A0WW-01A-11R-A109-07","TCGA-B6-A0WW","Primary Tumor"
"TCGA-BH-A0EB-01A-11R-A034-07","TCGA-BH-A0EB","Primary Tumor"
"TCGA-GM-A2DL-01A-11R-A18M-07","TCGA-GM-A2DL","Primary Tumor"
"TCGA-E2-A158-01A-11R-A12D-07","TCGA-E2-A158","Primary Tumor"
"TCGA-EW-A1J1-01A-11R-A13Q-07","TCGA-EW-A1J1","Primary Tumor"
"TCGA-A2-A1G4-01A-11R-A13Q-07","TCGA-A2-A1G4","Primary Tumor"
"TCGA-E9-A3QA-01A-61R-A22K-07","TCGA-E9-A3QA","Primary Tumor"
"TCGA-A2-A0YG-01A-21R-A109-07","TCGA-A2-A0YG","Primary Tumor"
"TCGA-A1-A0SE-01A-11R-A084-07","TCGA-A1-A0SE","Primary Tumor"
"TCGA-E9-A1RF-01A-11R-A157-07","TCGA-E9-A1RF","Primary Tumor"
"TCGA-A2-A25F-01A-11R-A169-07","TCGA-A2-A25F","Primary Tumor"
"TCGA-A1-A0SD-01A-11R-A115-07","TCGA-A1-A0SD","Primary Tumor"
"TCGA-A2-A0CX-01A-21R-A00Z-07","TCGA-A2-A0CX","Primary Tumor"
"TCGA-AR-A0TZ-01A-12R-A084-07","TCGA-AR-A0TZ","Primary Tumor"
"TCGA-BH-A0AZ-01A-21R-A12P-07","TCGA-BH-A0AZ","Primary Tumor"
"TCGA-EW-A1P4-01A-21R-A144-07","TCGA-EW-A1P4","Primary Tumor"
"TCGA-A7-A5ZW-01A-12R-A29R-07","TCGA-A7-A5ZW","Primary Tumor"
"TCGA-AO-A1KT-01A-11R-A13Q-07","TCGA-AO-A1KT","Primary Tumor"
"TCGA-E9-A1RE-01A-11R-A157-07","TCGA-E9-A1RE","Primary Tumor"
"TCGA-A1-A0SJ-01A-11R-A084-07","TCGA-A1-A0SJ","Primary Tumor"
"TCGA-EW-A1P3-01A-11R-A144-07","TCGA-EW-A1P3","Primary Tumor"
"TCGA-D8-A27F-01A-11R-A16F-07","TCGA-D8-A27F","Primary Tumor"
"TCGA-D8-A13Y-01A-11R-A115-07","TCGA-D8-A13Y","Primary Tumor"
"TCGA-A2-A04V-01A-21R-A034-07","TCGA-A2-A04V","Primary Tumor"
"TCGA-AN-A0XO-01A-11R-A109-07","TCGA-AN-A0XO","Primary Tumor"
"TCGA-A2-A04N-01A-11R-A115-07","TCGA-A2-A04N","Primary Tumor"
"TCGA-E9-A1NG-11A-52R-A14M-07","TCGA-E9-A1NG","Solid Tissue Normal"
"TCGA-E2-A14Y-01A-21R-A12D-07","TCGA-E2-A14Y","Primary Tumor"
"TCGA-B6-A0I5-01A-11R-A034-07","TCGA-B6-A0I5","Primary Tumor"
"TCGA-S3-A6ZG-01A-22R-A32P-07","TCGA-S3-A6ZG","Primary Tumor"
"TCGA-E2-A15K-06A-11R-A12P-07","TCGA-E2-A15K","Metastatic"
"TCGA-GI-A2C9-11A-22R-A21T-07","TCGA-GI-A2C9","Solid Tissue Normal"
"TCGA-E2-A1LK-01A-21R-A14D-07","TCGA-E2-A1LK","Primary Tumor"
"TCGA-AR-A1AW-01A-21R-A12P-07","TCGA-AR-A1AW","Primary Tumor"
"TCGA-AR-A24Z-01A-11R-A169-07","TCGA-AR-A24Z","Primary Tumor"
"TCGA-AC-A7VB-01A-11R-A352-07","TCGA-AC-A7VB","Primary Tumor"
"TCGA-B6-A400-01A-11R-A239-07","TCGA-B6-A400","Primary Tumor"
"TCGA-E2-A1BC-11A-32R-A12P-07","TCGA-E2-A1BC","Solid Tissue Normal"
"TCGA-BH-A0HQ-01A-11R-A034-07","TCGA-BH-A0HQ","Primary Tumor"
"TCGA-AO-A0JF-01A-11R-A056-07","TCGA-AO-A0JF","Primary Tumor"
"TCGA-AR-A5QQ-01A-11R-A28M-07","TCGA-AR-A5QQ","Primary Tumor"
"TCGA-AR-A1AX-01A-11R-A12P-07","TCGA-AR-A1AX","Primary Tumor"
"TCGA-D8-A1X5-01A-11R-A14D-07","TCGA-D8-A1X5","Primary Tumor"
"TCGA-D8-A73W-01A-22R-A352-07","TCGA-D8-A73W","Primary Tumor"
"TCGA-E2-A1IH-01A-11R-A13Q-07","TCGA-E2-A1IH","Primary Tumor"
"TCGA-E2-A109-01A-11R-A10J-07","TCGA-E2-A109","Primary Tumor"
"TCGA-C8-A27B-01A-11R-A169-07","TCGA-C8-A27B","Primary Tumor"
"TCGA-E2-A15O-01A-11R-A115-07","TCGA-E2-A15O","Primary Tumor"
"TCGA-A7-A0DB-01A-11R-A277-07","TCGA-A7-A0DB","Primary Tumor"
"TCGA-A2-A4RX-01A-11R-A266-07","TCGA-A2-A4RX","Primary Tumor"
"TCGA-A8-A06R-01A-11R-A00Z-07","TCGA-A8-A06R","Primary Tumor"
"TCGA-BH-A1FU-01A-11R-A14D-07","TCGA-BH-A1FU","Primary Tumor"
"TCGA-BH-A1FU-11A-23R-A14D-07","TCGA-BH-A1FU","Solid Tissue Normal"
"TCGA-E9-A3Q9-01A-11R-A21T-07","TCGA-E9-A3Q9","Primary Tumor"
"TCGA-AR-A0TX-01A-11R-A084-07","TCGA-AR-A0TX","Primary Tumor"
"TCGA-AN-A03Y-01A-21R-A00Z-07","TCGA-AN-A03Y","Primary Tumor"
"TCGA-E2-A15D-01A-11R-A115-07","TCGA-E2-A15D","Primary Tumor"
"TCGA-GM-A5PX-01A-12R-A28M-07","TCGA-GM-A5PX","Primary Tumor"
"TCGA-E2-A1L8-01A-11R-A13Q-07","TCGA-E2-A1L8","Primary Tumor"
"TCGA-LL-A5YN-01A-11R-A28M-07","TCGA-LL-A5YN","Primary Tumor"
"TCGA-AC-A3OD-01B-06R-A22O-07","TCGA-AC-A3OD","Primary Tumor"
"TCGA-E2-A1LG-01A-21R-A14M-07","TCGA-E2-A1LG","Primary Tumor"
"TCGA-BH-A0DK-11A-13R-A089-07","TCGA-BH-A0DK","Solid Tissue Normal"
"TCGA-S3-A6ZH-01A-22R-A32P-07","TCGA-S3-A6ZH","Primary Tumor"
"TCGA-E2-A107-01A-11R-A10J-07","TCGA-E2-A107","Primary Tumor"
"TCGA-GM-A2DA-01A-11R-A18M-07","TCGA-GM-A2DA","Primary Tumor"
"TCGA-AC-A2QI-01A-12R-A19W-07","TCGA-AC-A2QI","Primary Tumor"
"TCGA-AC-A2FO-01A-11R-A180-07","TCGA-AC-A2FO","Primary Tumor"
"TCGA-AO-A03P-01A-11R-A00Z-07","TCGA-AO-A03P","Primary Tumor"
"TCGA-EW-A1IZ-01A-11R-A13Q-07","TCGA-EW-A1IZ","Primary Tumor"
"TCGA-AO-A129-01A-21R-A10J-07","TCGA-AO-A129","Primary Tumor"
"TCGA-AR-A1AM-01A-41R-A22K-07","TCGA-AR-A1AM","Primary Tumor"
"TCGA-OL-A66N-01A-12R-A31O-07","TCGA-OL-A66N","Primary Tumor"
"TCGA-A8-A099-01A-11R-A00Z-07","TCGA-A8-A099","Primary Tumor"
"TCGA-E2-A14W-01A-11R-A12D-07","TCGA-E2-A14W","Primary Tumor"
"TCGA-A7-A4SC-01A-12R-A266-07","TCGA-A7-A4SC","Primary Tumor"
"TCGA-E2-A2P5-01A-11R-A19W-07","TCGA-E2-A2P5","Primary Tumor"
"TCGA-A7-A0DB-01C-02R-A277-07","TCGA-A7-A0DB","Primary Tumor"
"TCGA-A7-A0DB-11A-33R-A089-07","TCGA-A7-A0DB","Solid Tissue Normal"
"TCGA-EW-A1P1-01A-31R-A14D-07","TCGA-EW-A1P1","Primary Tumor"
"TCGA-E2-A576-01A-11R-A31O-07","TCGA-E2-A576","Primary Tumor"
"TCGA-E2-A15F-01A-11R-A115-07","TCGA-E2-A15F","Primary Tumor"
"TCGA-BH-A0BP-01A-11R-A115-07","TCGA-BH-A0BP","Primary Tumor"
"TCGA-AN-A0XR-01A-11R-A109-07","TCGA-AN-A0XR","Primary Tumor"
"TCGA-A2-A3XS-01A-11R-A22U-07","TCGA-A2-A3XS","Primary Tumor"
"TCGA-E2-A158-11A-22R-A12D-07","TCGA-E2-A158","Solid Tissue Normal"
"TCGA-AC-A23G-01A-11R-A213-07","TCGA-AC-A23G","Primary Tumor"
"TCGA-EW-A1PD-01A-11R-A144-07","TCGA-EW-A1PD","Primary Tumor"
"TCGA-A8-A08X-01A-21R-A00Z-07","TCGA-A8-A08X","Primary Tumor"
"TCGA-AQ-A1H2-01A-11R-A13Q-07","TCGA-AQ-A1H2","Primary Tumor"
"TCGA-EW-A1OW-01A-21R-A144-07","TCGA-EW-A1OW","Primary Tumor"
"TCGA-D8-A1JH-01A-11R-A13Q-07","TCGA-D8-A1JH","Primary Tumor"
"TCGA-AR-A1AT-01A-11R-A12P-07","TCGA-AR-A1AT","Primary Tumor"
"TCGA-AR-A2LK-01A-11R-A180-07","TCGA-AR-A2LK","Primary Tumor"
"TCGA-A8-A09A-01A-11R-A00Z-07","TCGA-A8-A09A","Primary Tumor"
"TCGA-A8-A09V-01A-11R-A034-07","TCGA-A8-A09V","Primary Tumor"
"TCGA-5T-A9QA-01A-11R-A41B-07","TCGA-5T-A9QA","Primary Tumor"
"TCGA-BH-A203-01A-12R-A169-07","TCGA-BH-A203","Primary Tumor"
"TCGA-BH-A203-11A-42R-A169-07","TCGA-BH-A203","Solid Tissue Normal"
"TCGA-E2-A1IL-01A-11R-A14D-07","TCGA-E2-A1IL","Primary Tumor"
"TCGA-AN-A03X-01A-21R-A00Z-07","TCGA-AN-A03X","Primary Tumor"
"TCGA-E9-A2JT-01A-22R-A18M-07","TCGA-E9-A2JT","Primary Tumor"
"TCGA-WT-AB41-01A-11R-A41B-07","TCGA-WT-AB41","Primary Tumor"
"TCGA-A8-A07C-01A-11R-A034-07","TCGA-A8-A07C","Primary Tumor"
"TCGA-B6-A1KF-01A-11R-A13Q-07","TCGA-B6-A1KF","Primary Tumor"
"TCGA-D8-A140-01A-11R-A115-07","TCGA-D8-A140","Primary Tumor"
"TCGA-E2-A152-01A-11R-A12D-07","TCGA-E2-A152","Primary Tumor"
"TCGA-AC-A5EH-01A-11R-A28M-07","TCGA-AC-A5EH","Primary Tumor"
"TCGA-E2-A106-01A-11R-A10J-07","TCGA-E2-A106","Primary Tumor"
"TCGA-AN-A0XN-01A-21R-A109-07","TCGA-AN-A0XN","Primary Tumor"
"TCGA-A2-A0SU-01A-11R-A084-07","TCGA-A2-A0SU","Primary Tumor"
"TCGA-E9-A5FL-01A-11R-A27Q-07","TCGA-E9-A5FL","Primary Tumor"
"TCGA-E9-A1NI-01A-11R-A14D-07","TCGA-E9-A1NI","Primary Tumor"
"TCGA-OL-A5D6-01A-21R-A27Q-07","TCGA-OL-A5D6","Primary Tumor"
"TCGA-AO-A1KO-01A-31R-A13Q-07","TCGA-AO-A1KO","Primary Tumor"
"TCGA-E9-A1RG-01A-11R-A14D-07","TCGA-E9-A1RG","Primary Tumor"
"TCGA-D8-A1X8-01A-11R-A14M-07","TCGA-D8-A1X8","Primary Tumor"
"TCGA-C8-A1HE-01A-11R-A13Q-07","TCGA-C8-A1HE","Primary Tumor"
"TCGA-A7-A13D-01B-04R-A277-07","TCGA-A7-A13D","Primary Tumor"
"TCGA-AN-A04A-01A-21R-A034-07","TCGA-AN-A04A","Primary Tumor"
"TCGA-BH-A18H-01A-11R-A12D-07","TCGA-BH-A18H","Primary Tumor"
"TCGA-EW-A1PB-01A-11R-A144-07","TCGA-EW-A1PB","Primary Tumor"
"TCGA-A8-A07B-01A-11R-A00Z-07","TCGA-A8-A07B","Primary Tumor"
"TCGA-AR-A0TP-01A-11R-A084-07","TCGA-AR-A0TP","Primary Tumor"
"TCGA-BH-A18R-11A-42R-A12D-07","TCGA-BH-A18R","Solid Tissue Normal"
"TCGA-AC-A2FM-01A-11R-A19W-07","TCGA-AC-A2FM","Primary Tumor"
"TCGA-AO-A0J4-01A-11R-A034-07","TCGA-AO-A0J4","Primary Tumor"
"TCGA-A7-A26I-01A-11R-A169-07","TCGA-A7-A26I","Primary Tumor"
"TCGA-E9-A1NH-01A-11R-A14D-07","TCGA-E9-A1NH","Primary Tumor"
"TCGA-A7-A13D-01A-13R-A277-07","TCGA-A7-A13D","Primary Tumor"
"TCGA-BH-A202-01A-11R-A14M-07","TCGA-BH-A202","Primary Tumor"
"TCGA-E2-A14P-01A-31R-A12D-07","TCGA-E2-A14P","Primary Tumor"
"TCGA-BH-A1FJ-11B-42R-A13Q-07","TCGA-BH-A1FJ","Solid Tissue Normal"
"TCGA-EW-A2FV-01A-11R-A17B-07","TCGA-EW-A2FV","Primary Tumor"
"TCGA-A2-A04T-01A-21R-A034-07","TCGA-A2-A04T","Primary Tumor"
"TCGA-A7-A26I-01B-06R-A22O-07","TCGA-A7-A26I","Primary Tumor"
"TCGA-D8-A1XW-01A-11R-A14M-07","TCGA-D8-A1XW","Primary Tumor"
"TCGA-GM-A2DD-01A-11R-A180-07","TCGA-GM-A2DD","Primary Tumor"
"TCGA-BH-A1FJ-01A-11R-A13Q-07","TCGA-BH-A1FJ","Primary Tumor"
"TCGA-A8-A07L-01A-11R-A00Z-07","TCGA-A8-A07L","Primary Tumor"
"TCGA-BH-A18R-01A-11R-A12D-07","TCGA-BH-A18R","Primary Tumor"
"TCGA-A8-A090-01A-11R-A00Z-07","TCGA-A8-A090","Primary Tumor"
"TCGA-E9-A5FK-01A-11R-A27Q-07","TCGA-E9-A5FK","Primary Tumor"
"TCGA-BH-A18M-11A-33R-A12D-07","TCGA-BH-A18M","Solid Tissue Normal"
"TCGA-BH-A0RX-01A-21R-A084-07","TCGA-BH-A0RX","Primary Tumor"
"TCGA-E2-A1AZ-01A-11R-A12P-07","TCGA-E2-A1AZ","Primary Tumor"
"TCGA-EW-A6SA-01A-21R-A32P-07","TCGA-EW-A6SA","Primary Tumor"
"TCGA-AO-A12B-01A-11R-A10J-07","TCGA-AO-A12B","Primary Tumor"
