"full_barcode","library_size"
"TCGA-3C-AAAU-01A-11R-A41B-07",56714504
"TCGA-3C-AALI-01A-11R-A41B-07",37595179
"TCGA-3C-AALJ-01A-31R-A41B-07",22598154
"TCGA-3C-AALK-01A-11R-A41B-07",52725445
"TCGA-4H-AAAK-01A-12R-A41B-07",47412261
"TCGA-5L-AAT0-01A-12R-A41B-07",34214129
"TCGA-5L-AAT1-01A-12R-A41B-07",24260663
"TCGA-5T-A9QA-01A-11R-A41B-07",33575287
"TCGA-A1-A0SB-01A-11R-A144-07",47572949
"TCGA-A1-A0SD-01A-11R-A115-07",60545003
"TCGA-A1-A0SE-01A-11R-A084-07",61032351
"TCGA-A1-A0SF-01A-11R-A144-07",48818918
"TCGA-A1-A0SG-01A-11R-A144-07",56402921
"TCGA-A1-A0SH-01A-11R-A084-07",68534939
"TCGA-A1-A0SI-01A-11R-A144-07",73332059
"TCGA-A1-A0SJ-01A-11R-A084-07",57652735
"TCGA-A1-A0SK-01A-12R-A084-07",62522284
"TCGA-A1-A0SM-01A-11R-A084-07",70807157
"TCGA-A1-A0SN-01A-11R-A144-07",64898052
"TCGA-A1-A0SO-01A-22R-A084-07",68315834
"TCGA-A1-A0SP-01A-11R-A084-07",57792424
"TCGA-A1-A0SQ-01A-21R-A144-07",54194106
"TCGA-A2-A04N-01A-11R-A115-07",54425632
"TCGA-A2-A04P-01A-31R-A034-07",54082305
"TCGA-A2-A04Q-01A-21R-A034-07",60723944
"TCGA-A2-A04R-01A-41R-A109-07",58611514
"TCGA-A2-A04T-01A-21R-A034-07",64000742
"TCGA-A2-A04U-01A-11R-A115-07",41130369
"TCGA-A2-A04V-01A-21R-A034-07",59504695
"TCGA-A2-A04W-01A-31R-A115-07",45457326
"TCGA-A2-A04X-01A-21R-A034-07",64428687
"TCGA-A2-A04Y-01A-21R-A034-07",79706479
"TCGA-A2-A0CK-01A-11R-A22K-07",51566012
"TCGA-A2-A0CL-01A-11R-A115-07",53431954
"TCGA-A2-A0CM-01A-31R-A034-07",43421498
"TCGA-A2-A0CO-01A-13R-A22K-07",50632123
"TCGA-A2-A0CP-01A-11R-A034-07",35471096
"TCGA-A2-A0CQ-01A-21R-A034-07",64038679
"TCGA-A2-A0CR-01A-11R-A22K-07",53114902
"TCGA-A2-A0CS-01A-11R-A115-07",45018931
"TCGA-A2-A0CT-01A-31R-A056-07",47345752
"TCGA-A2-A0CU-01A-12R-A034-07",59160708
"TCGA-A2-A0CV-01A-31R-A115-07",71545464
"TCGA-A2-A0CW-01A-21R-A115-07",66976080
"TCGA-A2-A0CX-01A-21R-A00Z-07",56299736
"TCGA-A2-A0CY-01A-12R-A034-07",46844589
"TCGA-A2-A0CZ-01A-11R-A034-07",52285814
"TCGA-A2-A0D0-01A-11R-A00Z-07",52810562
"TCGA-A2-A0D1-01A-11R-A034-07",50285814
"TCGA-A2-A0D2-01A-21R-A034-07",54762380
"TCGA-A2-A0D3-01A-11R-A115-07",60502468
"TCGA-A2-A0D4-01A-11R-A00Z-07",79449540
"TCGA-A2-A0EM-01A-11R-A034-07",57943076
"TCGA-A2-A0EN-01A-13R-A084-07",69565162
"TCGA-A2-A0EO-01A-11R-A034-07",63553670
"TCGA-A2-A0EP-01A-52R-A22U-07",66228201
"TCGA-A2-A0EQ-01A-11R-A034-07",55775792
"TCGA-A2-A0ER-01A-21R-A034-07",74753683
"TCGA-A2-A0ES-01A-11R-A115-07",54528716
"TCGA-A2-A0ET-01A-31R-A034-07",69715661
"TCGA-A2-A0EU-01A-22R-A056-07",49547490
"TCGA-A2-A0EV-01A-11R-A034-07",58974460
"TCGA-A2-A0EW-01A-21R-A115-07",56525124
"TCGA-A2-A0EX-01A-21R-A034-07",50589874
"TCGA-A2-A0EY-01A-11R-A034-07",57558901
"TCGA-A2-A0ST-01A-12R-A084-07",52351045
"TCGA-A2-A0SU-01A-11R-A084-07",48305959
"TCGA-A2-A0SV-01A-11R-A084-07",75304514
"TCGA-A2-A0SW-01A-11R-A084-07",53689289
"TCGA-A2-A0SX-01A-12R-A084-07",65036717
"TCGA-A2-A0SY-01A-31R-A084-07",62804204
"TCGA-A2-A0T0-01A-22R-A084-07",64043789
"TCGA-A2-A0T1-01A-21R-A084-07",64760960
"TCGA-A2-A0T2-01A-11R-A084-07",53545972
"TCGA-A2-A0T3-01A-21R-A115-07",62142222
"TCGA-A2-A0T4-01A-31R-A084-07",42272243
"TCGA-A2-A0T5-01A-21R-A084-07",57672257
"TCGA-A2-A0T6-01A-11R-A084-07",68353372
"TCGA-A2-A0T7-01A-21R-A084-07",68593062
"TCGA-A2-A0YC-01A-11R-A109-07",70374990
"TCGA-A2-A0YD-01A-11R-A109-07",62120846
"TCGA-A2-A0YE-01A-11R-A109-07",62232052
"TCGA-A2-A0YF-01A-21R-A109-07",72856963
"TCGA-A2-A0YG-01A-21R-A109-07",60818812
"TCGA-A2-A0YH-01A-11R-A109-07",58153313
"TCGA-A2-A0YI-01A-31R-A10J-07",71061278
"TCGA-A2-A0YJ-01A-11R-A109-07",50427050
"TCGA-A2-A0YK-01A-22R-A109-07",56039320
"TCGA-A2-A0YL-01A-21R-A109-07",60650394
"TCGA-A2-A0YM-01A-11R-A109-07",66146931
"TCGA-A2-A0YT-01A-11R-A109-07",72080914
"TCGA-A2-A1FV-01A-11R-A13Q-07",73581768
"TCGA-A2-A1FW-01A-11R-A13Q-07",71052453
"TCGA-A2-A1FX-01A-11R-A13Q-07",70947566
"TCGA-A2-A1FZ-01A-51R-A14D-07",47386581
"TCGA-A2-A1G0-01A-11R-A13Q-07",63892281
"TCGA-A2-A1G1-01A-21R-A13Q-07",81200612
"TCGA-A2-A1G4-01A-11R-A13Q-07",77591883
"TCGA-A2-A1G6-01A-11R-A13Q-07",57126023
"TCGA-A2-A259-01A-11R-A16F-07",65817243
"TCGA-A2-A25A-01A-12R-A16F-07",90737223
"TCGA-A2-A25B-01A-11R-A169-07",61063521
"TCGA-A2-A25C-01A-11R-A169-07",91034379
"TCGA-A2-A25D-01A-12R-A16F-07",62775655
"TCGA-A2-A25E-01A-11R-A169-07",63066876
"TCGA-A2-A25F-01A-11R-A169-07",83298963
"TCGA-A2-A3KC-01A-11R-A213-07",54008566
"TCGA-A2-A3KD-01A-12R-A213-07",67294263
"TCGA-A2-A3XS-01A-11R-A22U-07",62143200
"TCGA-A2-A3XT-01A-11R-A22U-07",66960414
"TCGA-A2-A3XU-01A-12R-A22U-07",60005261
"TCGA-A2-A3XV-01A-21R-A239-07",62023062
"TCGA-A2-A3XW-01A-11R-A239-07",63764846
"TCGA-A2-A3XX-01A-21R-A239-07",62551616
"TCGA-A2-A3XY-01A-11R-A239-07",78023832
"TCGA-A2-A3XZ-01A-42R-A239-07",60033203
"TCGA-A2-A3Y0-01A-11R-A239-07",64137590
"TCGA-A2-A4RW-01A-21R-A266-07",32124463
"TCGA-A2-A4RX-01A-11R-A266-07",34110553
"TCGA-A2-A4RY-01A-31R-A266-07",38594290
"TCGA-A2-A4S0-01A-21R-A266-07",37267785
"TCGA-A2-A4S1-01A-21R-A266-07",34033941
"TCGA-A2-A4S2-01A-12R-A266-07",38009971
"TCGA-A2-A4S3-01A-21R-A266-07",36272647
"TCGA-A7-A0CD-01A-11R-A00Z-07",70173533
"TCGA-A7-A0CE-01A-11R-A00Z-07",61510275
"TCGA-A7-A0CG-01A-12R-A056-07",55096274
"TCGA-A7-A0CH-01A-21R-A00Z-07",45519597
"TCGA-A7-A0CJ-01A-21R-A00Z-07",51590391
"TCGA-A7-A0D9-01A-31R-A056-07",53355967
"TCGA-A7-A0DA-01A-31R-A115-07",63240518
"TCGA-A7-A0DB-01A-11R-A00Z-07",59280875
"TCGA-A7-A0DC-01A-11R-A00Z-07",62493632
"TCGA-A7-A13D-01A-13R-A12P-07",57793033
"TCGA-A7-A13E-01A-11R-A12P-07",47115930
"TCGA-A7-A13F-01A-11R-A12P-07",52677713
"TCGA-A7-A13G-01A-11R-A13Q-07",68478660
"TCGA-A7-A13H-01A-11R-A22K-07",59738567
"TCGA-A7-A26E-01A-11R-A169-07",78826665
"TCGA-A7-A26F-01A-21R-A169-07",76605936
"TCGA-A7-A26G-01A-21R-A169-07",86981112
"TCGA-A7-A26H-01A-11R-A169-07",85977044
"TCGA-A7-A26I-01A-11R-A169-07",94576865
"TCGA-A7-A26J-01A-11R-A169-07",71870927
"TCGA-A7-A2KD-01A-31R-A21T-07",73821462
"TCGA-A7-A3IY-01A-21R-A21T-07",57953467
"TCGA-A7-A3IZ-01A-11R-A213-07",58717371
"TCGA-A7-A3J0-01A-11R-A213-07",79520589
"TCGA-A7-A3J1-01A-11R-A213-07",73003295
"TCGA-A7-A3RF-01A-11R-A22K-07",65187405
"TCGA-A7-A425-01A-11R-A24H-07",54058224
"TCGA-A7-A426-01A-22R-A24H-07",69285817
"TCGA-A7-A4SA-01A-11R-A266-07",37851341
"TCGA-A7-A4SB-01A-21R-A266-07",36765537
"TCGA-A7-A4SC-01A-12R-A266-07",35376010
"TCGA-A7-A4SD-01A-11R-A266-07",41974400
"TCGA-A7-A4SE-01A-11R-A266-07",34174471
"TCGA-A7-A4SF-01A-11R-A266-07",34024244
"TCGA-A7-A56D-01A-11R-A27Q-07",39760198
"TCGA-A7-A5ZV-01A-11R-A28M-07",34329777
"TCGA-A7-A5ZW-01A-12R-A29R-07",46032421
"TCGA-A7-A5ZX-01A-12R-A29R-07",48093301
"TCGA-A7-A6VV-01A-22R-A33J-07",57498758
"TCGA-A7-A6VW-01A-21R-A33J-07",48965890
"TCGA-A7-A6VX-01A-12R-A33J-07",50037483
"TCGA-A7-A6VY-01A-12R-A33J-07",62223450
"TCGA-A8-A06N-01A-11R-A00Z-07",88432001
"TCGA-A8-A06O-01A-11R-A00Z-07",67377853
"TCGA-A8-A06P-01A-11R-A00Z-07",65308860
"TCGA-A8-A06Q-01A-11R-A034-07",86340706
"TCGA-A8-A06R-01A-11R-A00Z-07",59117258
"TCGA-A8-A06T-01A-11R-A00Z-07",73108139
"TCGA-A8-A06U-01A-11R-A00Z-07",54708067
"TCGA-A8-A06X-01A-21R-A00Z-07",39360103
"TCGA-A8-A06Y-01A-21R-A00Z-07",48089044
"TCGA-A8-A06Z-01A-11R-A00Z-07",88951843
"TCGA-A8-A075-01A-11R-A084-07",58378198
"TCGA-A8-A076-01A-21R-A00Z-07",70768245
"TCGA-A8-A079-01A-21R-A00Z-07",65459260
"TCGA-A8-A07B-01A-11R-A00Z-07",26586182
"TCGA-A8-A07C-01A-11R-A034-07",81498528
"TCGA-A8-A07E-01A-11R-A034-07",71845649
"TCGA-A8-A07F-01A-11R-A00Z-07",68225823
"TCGA-A8-A07G-01A-11R-A034-07",67855308
"TCGA-A8-A07I-01A-11R-A00Z-07",47578365
"TCGA-A8-A07J-01A-11R-A00Z-07",43097836
"TCGA-A8-A07L-01A-11R-A00Z-07",55820593
"TCGA-A8-A07O-01A-11R-A00Z-07",73108479
"TCGA-A8-A07P-01A-11R-A00Z-07",62293062
"TCGA-A8-A07R-01A-21R-A034-07",70781618
"TCGA-A8-A07S-01A-11R-A034-07",59080297
"TCGA-A8-A07U-01A-11R-A034-07",57613267
"TCGA-A8-A07W-01A-11R-A00Z-07",62597629
"TCGA-A8-A07Z-01A-11R-A00Z-07",40426424
"TCGA-A8-A081-01A-11R-A00Z-07",75379907
"TCGA-A8-A082-01A-11R-A00Z-07",51458106
"TCGA-A8-A083-01A-21R-A00Z-07",69452021
"TCGA-A8-A084-01A-21R-A00Z-07",52480598
"TCGA-A8-A085-01A-11R-A00Z-07",93316452
"TCGA-A8-A086-01A-11R-A00Z-07",70793459
"TCGA-A8-A08A-01A-11R-A32Y-07",56215078
"TCGA-A8-A08B-01A-11R-A00Z-07",23466090
"TCGA-A8-A08C-01A-11R-A00Z-07",58838126
"TCGA-A8-A08F-01A-11R-A00Z-07",47647603
"TCGA-A8-A08G-01A-11R-A00Z-07",72742074
"TCGA-A8-A08H-01A-21R-A00Z-07",47719228
"TCGA-A8-A08I-01A-11R-A00Z-07",96774371
"TCGA-A8-A08J-01A-11R-A00Z-07",66021670
"TCGA-A8-A08L-01A-11R-A00Z-07",64403833
"TCGA-A8-A08O-01A-21R-A056-07",45474180
"TCGA-A8-A08P-01A-11R-A00Z-07",48377431
"TCGA-A8-A08R-01A-11R-A034-07",69189240
"TCGA-A8-A08S-01A-11R-A034-07",67092666
"TCGA-A8-A08T-01A-21R-A00Z-07",61759706
"TCGA-A8-A08X-01A-21R-A00Z-07",45354684
"TCGA-A8-A08Z-01A-21R-A00Z-07",60750785
"TCGA-A8-A090-01A-11R-A00Z-07",50295904
"TCGA-A8-A091-01A-11R-A00Z-07",89759743
"TCGA-A8-A092-01A-11R-A00Z-07",69226799
"TCGA-A8-A093-01A-11R-A00Z-07",64077929
"TCGA-A8-A094-01A-11R-A00Z-07",32719627
"TCGA-A8-A095-01A-11R-A00Z-07",55040878
"TCGA-A8-A096-01A-11R-A00Z-07",96373277
"TCGA-A8-A097-01A-11R-A034-07",81245332
"TCGA-A8-A099-01A-11R-A00Z-07",66845885
"TCGA-A8-A09A-01A-11R-A00Z-07",46776006
"TCGA-A8-A09B-01A-11R-A00Z-07",59740029
"TCGA-A8-A09C-01A-11R-A00Z-07",61221447
"TCGA-A8-A09D-01A-11R-A00Z-07",55353575
"TCGA-A8-A09E-01A-11R-A00Z-07",51109202
"TCGA-A8-A09G-01A-21R-A00Z-07",71477559
"TCGA-A8-A09I-01A-22R-A034-07",104167219
"TCGA-A8-A09K-01A-11R-A00Z-07",48294869
"TCGA-A8-A09M-01A-11R-A00Z-07",57751414
"TCGA-A8-A09N-01A-11R-A00Z-07",44404803
"TCGA-A8-A09Q-01A-11R-A00Z-07",70926378
"TCGA-A8-A09R-01A-11R-A00Z-07",71104839
"TCGA-A8-A09T-01A-11R-A00Z-07",23745717
"TCGA-A8-A09V-01A-11R-A034-07",73138960
"TCGA-A8-A09W-01A-11R-A00Z-07",49273932
"TCGA-A8-A09X-01A-11R-A00Z-07",54147655
"TCGA-A8-A09Z-01A-11R-A00Z-07",56215131
"TCGA-A8-A0A1-01A-11R-A00Z-07",38698589
"TCGA-A8-A0A2-01A-11R-A034-07",74212894
"TCGA-A8-A0A4-01A-11R-A00Z-07",47460261
"TCGA-A8-A0A6-01A-12R-A056-07",39314402
"TCGA-A8-A0A7-01A-11R-A00Z-07",60788469
"TCGA-A8-A0A9-01A-11R-A00Z-07",70313877
"TCGA-A8-A0AB-01A-11R-A034-07",75971418
"TCGA-A8-A0AD-01A-11R-A056-07",46190963
"TCGA-AC-A23C-01A-12R-A169-07",72937294
"TCGA-AC-A23E-01A-11R-A157-07",75287606
"TCGA-AC-A23G-01A-11R-A213-07",30737104
"TCGA-AC-A23H-01A-11R-A157-07",70959525
"TCGA-AC-A2B8-01A-11R-A17B-07",80627566
"TCGA-AC-A2BK-01A-11R-A21T-07",56635321
"TCGA-AC-A2BM-01A-11R-A21T-07",53709023
"TCGA-AC-A2FB-01A-11R-A17B-07",65671775
"TCGA-AC-A2FE-01A-11R-A19W-07",62405047
"TCGA-AC-A2FF-01A-11R-A17B-07",67286668
"TCGA-AC-A2FG-01A-11R-A17B-07",76286514
"TCGA-AC-A2FK-01A-12R-A180-07",45059686
"TCGA-AC-A2FM-01A-11R-A19W-07",58239317
"TCGA-AC-A2FO-01A-11R-A180-07",52205499
"TCGA-AC-A2QH-01A-11R-A18M-07",73893785
"TCGA-AC-A2QI-01A-12R-A19W-07",57713373
"TCGA-AC-A2QJ-01A-12R-A19W-07",52048654
"TCGA-AC-A3BB-01A-21R-A19W-07",56475703
"TCGA-AC-A3EH-01A-22R-A22K-07",59142114
"TCGA-AC-A3HN-01A-11R-A213-07",76191149
"TCGA-AC-A3OD-01A-11R-A21T-07",58602752
"TCGA-AC-A3QP-01A-11R-A22U-07",56446113
"TCGA-AC-A3TM-01A-11R-A22K-07",48674694
"TCGA-AC-A3TN-01A-11R-A22K-07",55634939
"TCGA-AC-A3W5-01A-11R-A22K-07",54485282
"TCGA-AC-A3W6-01A-12R-A22K-07",50998617
"TCGA-AC-A3W7-01A-11R-A22K-07",66476326
"TCGA-AC-A3YI-01A-21R-A239-07",43918914
"TCGA-AC-A3YJ-01A-11R-A22U-07",41994433
"TCGA-AC-A4ZE-01A-11R-A41B-07",56843677
"TCGA-AC-A5EH-01A-11R-A28M-07",50046538
"TCGA-AC-A5XS-01A-11R-A29R-07",43205516
"TCGA-AC-A5XU-01A-11R-A28M-07",50623610
"TCGA-AC-A62V-01A-11R-A31O-07",52825928
"TCGA-AC-A62X-01A-11R-A29R-07",48511224
"TCGA-AC-A62Y-01A-11R-A29R-07",49392848
"TCGA-AC-A6IV-01A-12R-A33J-07",58668735
"TCGA-AC-A6IW-01A-12R-A33J-07",67418679
"TCGA-AC-A6IX-01A-12R-A32P-07",53692445
"TCGA-AC-A6NO-01A-12R-A33J-07",49978904
"TCGA-AC-A7VB-01A-11R-A352-07",64142247
"TCGA-AC-A7VC-01A-11R-A352-07",41754927
"TCGA-AC-A8OP-01A-11R-A36F-07",40312994
"TCGA-AC-A8OQ-01A-11R-A41B-07",44160068
"TCGA-AC-A8OR-01A-21R-A41B-07",36920168
"TCGA-AC-A8OS-01A-12R-A41B-07",49885923
"TCGA-AN-A03X-01A-21R-A00Z-07",36378914
"TCGA-AN-A03Y-01A-21R-A00Z-07",62334243
"TCGA-AN-A041-01A-11R-A034-07",69513547
"TCGA-AN-A046-01A-21R-A034-07",64448304
"TCGA-AN-A049-01A-21R-A00Z-07",48413014
"TCGA-AN-A04A-01A-21R-A034-07",68281533
"TCGA-AN-A04C-01A-21R-A034-07",66832259
"TCGA-AN-A04D-01A-21R-A034-07",71102538
"TCGA-AN-A0AJ-01A-11R-A00Z-07",70537889
"TCGA-AN-A0AK-01A-21R-A00Z-07",45326972
"TCGA-AN-A0AL-01A-11R-A00Z-07",53697878
"TCGA-AN-A0AM-01A-11R-A034-07",67609492
"TCGA-AN-A0AR-01A-11R-A00Z-07",62714164
"TCGA-AN-A0AS-01A-11R-A00Z-07",51685201
"TCGA-AN-A0AT-01A-11R-A034-07",73048810
"TCGA-AN-A0FD-01A-11R-A034-07",48815051
"TCGA-AN-A0FF-01A-11R-A034-07",53505029
"TCGA-AN-A0FJ-01A-11R-A00Z-07",33028039
"TCGA-AN-A0FK-01A-11R-A034-07",56712046
"TCGA-AN-A0FL-01A-11R-A034-07",51759640
"TCGA-AN-A0FN-01A-11R-A034-07",69219031
"TCGA-AN-A0FS-01A-11R-A034-07",79879549
"TCGA-AN-A0FT-01A-11R-A034-07",60809497
"TCGA-AN-A0FV-01A-11R-A00Z-07",59078179
"TCGA-AN-A0FW-01A-11R-A034-07",70895848
"TCGA-AN-A0FX-01A-11R-A034-07",65671231
"TCGA-AN-A0FY-01A-11R-A034-07",76112473
"TCGA-AN-A0FZ-01A-11R-A034-07",85561795
"TCGA-AN-A0G0-01A-11R-A034-07",70581352
"TCGA-AN-A0XL-01A-11R-A10J-07",54310331
"TCGA-AN-A0XN-01A-21R-A109-07",47066403
"TCGA-AN-A0XO-01A-11R-A109-07",75176436
"TCGA-AN-A0XP-01A-11R-A109-07",60398071
"TCGA-AN-A0XR-01A-11R-A109-07",45484229
"TCGA-AN-A0XS-01A-22R-A109-07",61523724
"TCGA-AN-A0XT-01A-11R-A109-07",46779421
"TCGA-AN-A0XU-01A-11R-A109-07",59160136
"TCGA-AN-A0XV-01A-11R-A109-07",59406912
"TCGA-AN-A0XW-01A-11R-A109-07",55706822
"TCGA-AO-A03L-01A-41R-A056-07",60093901
"TCGA-AO-A03M-01B-11R-A10J-07",76496928
"TCGA-AO-A03N-01B-11R-A10J-07",54238724
"TCGA-AO-A03O-01A-11R-A00Z-07",44471404
"TCGA-AO-A03P-01A-11R-A00Z-07",70119472
"TCGA-AO-A03R-01A-21R-A034-07",38066539
"TCGA-AO-A03T-01A-21R-A034-07",56728864
"TCGA-AO-A03U-01B-21R-A10J-07",77827934
"TCGA-AO-A03V-01A-11R-A115-07",51984622
"TCGA-AO-A0J2-01A-11R-A034-07",73763063
"TCGA-AO-A0J3-01A-11R-A034-07",79475083
"TCGA-AO-A0J4-01A-11R-A034-07",85104362
"TCGA-AO-A0J5-01A-11R-A034-07",81730024
"TCGA-AO-A0J6-01A-11R-A034-07",78691472
"TCGA-AO-A0J7-01A-11R-A034-07",57414976
"TCGA-AO-A0J8-01A-21R-A034-07",81009599
"TCGA-AO-A0J9-01A-11R-A034-07",70776914
"TCGA-AO-A0JA-01A-11R-A056-07",58619203
"TCGA-AO-A0JB-01A-11R-A32Y-07",31076137
"TCGA-AO-A0JC-01A-11R-A056-07",49524254
"TCGA-AO-A0JD-01A-11R-A056-07",54090947
"TCGA-AO-A0JE-01A-11R-A056-07",56386319
"TCGA-AO-A0JF-01A-11R-A056-07",53799039
"TCGA-AO-A0JG-01A-31R-A084-07",64917700
"TCGA-AO-A0JI-01A-21R-A056-07",52406785
"TCGA-AO-A0JJ-01A-11R-A056-07",56346430
"TCGA-AO-A0JL-01A-11R-A056-07",46206542
"TCGA-AO-A0JM-01A-21R-A056-07",37536343
"TCGA-AO-A124-01A-11R-A10J-07",72224374
"TCGA-AO-A125-01A-11R-A10J-07",54869228
"TCGA-AO-A126-01A-11R-A10J-07",58552991
"TCGA-AO-A128-01A-11R-A10J-07",72941840
"TCGA-AO-A129-01A-21R-A10J-07",55210244
"TCGA-AO-A12A-01A-21R-A115-07",56849933
"TCGA-AO-A12B-01A-11R-A10J-07",48064096
"TCGA-AO-A12C-01A-11R-A10J-07",54280304
"TCGA-AO-A12D-01A-11R-A115-07",50454989
"TCGA-AO-A12E-01A-11R-A10J-07",73808391
"TCGA-AO-A12F-01A-11R-A115-07",63287834
"TCGA-AO-A12G-01A-11R-A10J-07",61070188
"TCGA-AO-A12H-01A-11R-A115-07",69095363
"TCGA-AO-A1KO-01A-31R-A13Q-07",71929832
"TCGA-AO-A1KP-01A-11R-A13Q-07",65077570
"TCGA-AO-A1KQ-01A-11R-A13Q-07",42703520
"TCGA-AO-A1KR-01A-12R-A144-07",38573913
"TCGA-AO-A1KS-01A-11R-A13Q-07",66059245
"TCGA-AO-A1KT-01A-11R-A13Q-07",69560152
"TCGA-AQ-A04H-01B-11R-A10J-07",68753009
"TCGA-AQ-A04J-01A-02R-A034-07",70248065
"TCGA-AQ-A04L-01B-21R-A10J-07",58928243
"TCGA-AQ-A0Y5-01A-11R-A14M-07",63988272
"TCGA-AQ-A1H2-01A-11R-A13Q-07",75688489
"TCGA-AQ-A1H3-01A-31R-A13Q-07",71098493
"TCGA-AQ-A54N-01A-11R-A266-07",31439030
"TCGA-AQ-A54O-01A-11R-A266-07",37517950
"TCGA-AQ-A7U7-01A-22R-A352-07",51746004
"TCGA-AR-A0TP-01A-11R-A084-07",60686253
"TCGA-AR-A0TQ-01A-11R-A084-07",76740902
"TCGA-AR-A0TR-01A-11R-A084-07",68967969
"TCGA-AR-A0TS-01A-11R-A115-07",60132674
"TCGA-AR-A0TT-01A-31R-A084-07",49869255
"TCGA-AR-A0TU-01A-31R-A109-07",59670420
"TCGA-AR-A0TV-01A-21R-A084-07",56869463
"TCGA-AR-A0TW-01A-11R-A084-07",61425988
"TCGA-AR-A0TX-01A-11R-A084-07",61683842
"TCGA-AR-A0TY-01A-12R-A115-07",67653713
"TCGA-AR-A0TZ-01A-12R-A084-07",80654525
"TCGA-AR-A0U0-01A-11R-A109-07",50598679
"TCGA-AR-A0U2-01A-11R-A109-07",60882861
"TCGA-AR-A0U3-01A-11R-A109-07",34735883
"TCGA-AR-A0U4-01A-11R-A109-07",57126575
"TCGA-AR-A1AH-01A-11R-A12D-07",57824411
"TCGA-AR-A1AI-01A-11R-A12P-07",60020473
"TCGA-AR-A1AJ-01A-21R-A12P-07",50731416
"TCGA-AR-A1AK-01A-21R-A12P-07",48048388
"TCGA-AR-A1AL-01A-21R-A12P-07",58790620
"TCGA-AR-A1AM-01A-41R-A22K-07",54294314
"TCGA-AR-A1AN-01A-11R-A12P-07",62490094
"TCGA-AR-A1AO-01A-11R-A12P-07",67076935
"TCGA-AR-A1AP-01A-11R-A12P-07",44650040
"TCGA-AR-A1AQ-01A-11R-A12P-07",43505587
"TCGA-AR-A1AR-01A-31R-A137-07",80625526
"TCGA-AR-A1AS-01A-11R-A12P-07",43418680
"TCGA-AR-A1AT-01A-11R-A12P-07",41615806
"TCGA-AR-A1AU-01A-11R-A12P-07",56689170
"TCGA-AR-A1AV-01A-21R-A12P-07",68133187
"TCGA-AR-A1AW-01A-21R-A12P-07",57750605
"TCGA-AR-A1AX-01A-11R-A12P-07",55398345
"TCGA-AR-A1AY-01A-21R-A12P-07",54129979
"TCGA-AR-A24H-01A-11R-A169-07",81125312
"TCGA-AR-A24K-01A-11R-A169-07",72292593
"TCGA-AR-A24L-01A-11R-A169-07",81827907
"TCGA-AR-A24M-01A-11R-A169-07",81276695
"TCGA-AR-A24N-01A-11R-A169-07",72908686
"TCGA-AR-A24O-01A-11R-A169-07",61653555
"TCGA-AR-A24P-01A-11R-A169-07",71795565
"TCGA-AR-A24Q-01A-12R-A169-07",74182117
"TCGA-AR-A24R-01A-11R-A169-07",71040010
"TCGA-AR-A24S-01A-11R-A169-07",72052162
"TCGA-AR-A24T-01A-11R-A169-07",63608196
"TCGA-AR-A24U-01A-11R-A169-07",65518366
"TCGA-AR-A24V-01A-21R-A169-07",72593194
"TCGA-AR-A24W-01A-11R-A169-07",56740223
"TCGA-AR-A24X-01A-11R-A169-07",38963276
"TCGA-AR-A24Z-01A-11R-A169-07",87612553
"TCGA-AR-A250-01A-31R-A169-07",78801122
"TCGA-AR-A251-01A-12R-A169-07",103906260
"TCGA-AR-A252-01A-11R-A169-07",71501008
"TCGA-AR-A254-01A-21R-A169-07",78416675
"TCGA-AR-A255-01A-11R-A169-07",64425409
"TCGA-AR-A256-01A-11R-A169-07",66757436
"TCGA-AR-A2LE-01A-11R-A180-07",49628528
"TCGA-AR-A2LH-01A-31R-A18M-07",37289899
"TCGA-AR-A2LJ-01A-12R-A19W-07",55982528
"TCGA-AR-A2LK-01A-11R-A180-07",65812294
"TCGA-AR-A2LL-01A-11R-A180-07",56402199
"TCGA-AR-A2LM-01A-11R-A180-07",68392383
"TCGA-AR-A2LN-01A-21R-A18M-07",37390092
"TCGA-AR-A2LO-01A-31R-A18M-07",37324799
"TCGA-AR-A2LQ-01A-22R-A18M-07",49642303
"TCGA-AR-A2LR-01A-12R-A18M-07",42859578
"TCGA-AR-A5QM-01A-11R-A27Q-07",45386491
"TCGA-AR-A5QN-01A-12R-A28M-07",61935086
"TCGA-AR-A5QP-01A-11R-A28M-07",47503904
"TCGA-AR-A5QQ-01A-11R-A28M-07",45781177
"TCGA-B6-A0I1-01A-11R-A21T-07",67791015
"TCGA-B6-A0I2-01A-11R-A034-07",53723835
"TCGA-B6-A0I5-01A-11R-A034-07",46216792
"TCGA-B6-A0I6-01A-11R-A034-07",44694529
"TCGA-B6-A0I8-01A-11R-A034-07",67476531
"TCGA-B6-A0I9-01A-11R-A034-07",66879627
"TCGA-B6-A0IA-01A-11R-A034-07",62737316
"TCGA-B6-A0IB-01A-11R-A034-07",62418376
"TCGA-B6-A0IC-01A-11R-A034-07",75616223
"TCGA-B6-A0IE-01A-11R-A034-07",68719990
"TCGA-B6-A0IG-01A-11R-A034-07",70505339
"TCGA-B6-A0IH-01A-11R-A115-07",40135006
"TCGA-B6-A0IJ-01A-11R-A034-07",78331490
"TCGA-B6-A0IK-01A-12R-A056-07",35151175
"TCGA-B6-A0IM-01A-11R-A034-07",78818117
"TCGA-B6-A0IN-01A-11R-A034-07",61739086
"TCGA-B6-A0IO-01A-11R-A034-07",66018028
"TCGA-B6-A0IP-01A-11R-A034-07",71162221
"TCGA-B6-A0IQ-01A-11R-A034-07",74235517
"TCGA-B6-A0RE-01A-11R-A056-07",52696892
"TCGA-B6-A0RG-01A-11R-A056-07",41440699
"TCGA-B6-A0RH-01A-21R-A115-07",69469238
"TCGA-B6-A0RI-01A-11R-A056-07",64438408
"TCGA-B6-A0RL-01A-11R-A084-07",60782894
"TCGA-B6-A0RM-01A-11R-A084-07",57281825
"TCGA-B6-A0RN-01A-12R-A084-07",50223148
"TCGA-B6-A0RO-01A-22R-A084-07",65362851
"TCGA-B6-A0RP-01A-21R-A084-07",69572819
"TCGA-B6-A0RQ-01A-11R-A115-07",64076749
"TCGA-B6-A0RS-01A-11R-A084-07",69246070
"TCGA-B6-A0RT-01A-21R-A084-07",61604331
"TCGA-B6-A0RU-01A-11R-A084-07",55083751
"TCGA-B6-A0RV-01A-11R-A084-07",47411627
"TCGA-B6-A0WS-01A-11R-A115-07",58080655
"TCGA-B6-A0WT-01A-11R-A109-07",31811670
"TCGA-B6-A0WV-01A-11R-A109-07",41656046
"TCGA-B6-A0WW-01A-11R-A109-07",36671707
"TCGA-B6-A0WX-01A-11R-A109-07",57379602
"TCGA-B6-A0WY-01A-11R-A109-07",60178407
"TCGA-B6-A0WZ-01A-11R-A109-07",56313795
"TCGA-B6-A0X0-01A-21R-A115-07",31800925
"TCGA-B6-A0X1-01A-11R-A109-07",35006280
"TCGA-B6-A0X4-01A-11R-A109-07",38131171
"TCGA-B6-A0X5-01A-21R-A109-07",41195957
"TCGA-B6-A0X7-01A-11R-A10J-07",61426194
"TCGA-B6-A1KC-01B-11R-A157-07",74759426
"TCGA-B6-A1KF-01A-11R-A13Q-07",46137375
"TCGA-B6-A1KI-01A-11R-A14M-07",74272451
"TCGA-B6-A1KN-01A-11R-A13Q-07",72326580
"TCGA-B6-A2IU-01A-32R-A18M-07",26775360
"TCGA-B6-A3ZX-01A-11R-A239-07",61575445
"TCGA-B6-A400-01A-11R-A239-07",70452724
"TCGA-B6-A401-01A-11R-A239-07",61535976
"TCGA-B6-A402-01A-11R-A239-07",55808469
"TCGA-B6-A408-01A-12R-A24H-07",60234887
"TCGA-B6-A409-01A-11R-A24H-07",67898383
"TCGA-B6-A40B-01A-11R-A239-07",66226771
"TCGA-B6-A40C-01A-11R-A239-07",73395391
"TCGA-BH-A0AU-01A-11R-A12P-07",48256300
"TCGA-BH-A0AV-01A-31R-A115-07",67698942
"TCGA-BH-A0AW-01A-11R-A056-07",40410356
"TCGA-BH-A0AY-01A-21R-A00Z-07",52433921
"TCGA-BH-A0AZ-01A-21R-A12P-07",49048163
"TCGA-BH-A0B0-01A-21R-A115-07",54590099
"TCGA-BH-A0B1-01A-12R-A056-07",59164788
"TCGA-BH-A0B2-01A-11R-A10J-07",51678626
"TCGA-BH-A0B3-01A-11R-A056-07",57971543
"TCGA-BH-A0B4-01A-11R-A00Z-07",33691181
"TCGA-BH-A0B5-01A-11R-A12P-07",57014106
"TCGA-BH-A0B6-01A-11R-A19W-07",54197924
"TCGA-BH-A0B7-01A-12R-A115-07",58827927
"TCGA-BH-A0B8-01A-21R-A056-07",45884867
"TCGA-BH-A0B9-01A-11R-A056-07",93431860
"TCGA-BH-A0BA-01A-11R-A056-07",55461495
"TCGA-BH-A0BC-01A-22R-A084-07",67583333
"TCGA-BH-A0BD-01A-11R-A034-07",65212152
"TCGA-BH-A0BF-01A-21R-A12P-07",58022437
"TCGA-BH-A0BG-01A-11R-A115-07",68777711
"TCGA-BH-A0BJ-01A-11R-A056-07",55483753
"TCGA-BH-A0BL-01A-11R-A115-07",68318528
"TCGA-BH-A0BM-01A-11R-A056-07",36533295
"TCGA-BH-A0BO-01A-23R-A12D-07",62343769
"TCGA-BH-A0BP-01A-11R-A115-07",41003430
"TCGA-BH-A0BQ-01A-21R-A115-07",44635758
"TCGA-BH-A0BR-01A-21R-A115-07",50251423
"TCGA-BH-A0BS-01A-11R-A12P-07",61717201
"TCGA-BH-A0BT-01A-11R-A12P-07",54217985
"TCGA-BH-A0BV-01A-11R-A00Z-07",51716280
"TCGA-BH-A0BW-01A-11R-A115-07",54346860
"TCGA-BH-A0BZ-01A-31R-A12P-07",67667626
"TCGA-BH-A0C0-01A-21R-A056-07",44108980
"TCGA-BH-A0C1-01B-11R-A12D-07",60388664
"TCGA-BH-A0C3-01A-21R-A12P-07",49360538
"TCGA-BH-A0C7-01B-11R-A115-07",76121574
"TCGA-BH-A0DD-01A-31R-A12P-07",54941264
"TCGA-BH-A0DE-01A-11R-A115-07",53648549
"TCGA-BH-A0DG-01A-21R-A12P-07",51528103
"TCGA-BH-A0DH-01A-11R-A084-07",54318255
"TCGA-BH-A0DI-01A-21R-A12P-07",54850929
"TCGA-BH-A0DK-01A-21R-A056-07",51057316
"TCGA-BH-A0DL-01A-11R-A115-07",71226266
"TCGA-BH-A0DO-01B-11R-A12D-07",56087401
"TCGA-BH-A0DP-01A-21R-A056-07",48139444
"TCGA-BH-A0DQ-01A-11R-A084-07",52194930
"TCGA-BH-A0DS-01A-11R-A056-07",46391340
"TCGA-BH-A0DT-01A-21R-A12D-07",51326903
"TCGA-BH-A0DV-01A-21R-A12P-07",75100439
"TCGA-BH-A0DX-01A-11R-A115-07",58529150
"TCGA-BH-A0DZ-01A-11R-A00Z-07",26006524
"TCGA-BH-A0E0-01A-11R-A056-07",37420786
"TCGA-BH-A0E1-01A-11R-A056-07",51249927
"TCGA-BH-A0E2-01A-11R-A056-07",52578957
"TCGA-BH-A0E6-01A-11R-A034-07",52071050
"TCGA-BH-A0E7-01A-11R-A034-07",67977972
"TCGA-BH-A0E9-01B-11R-A115-07",55736200
"TCGA-BH-A0EA-01A-11R-A115-07",41095885
"TCGA-BH-A0EB-01A-11R-A034-07",64796710
"TCGA-BH-A0EE-01A-11R-A034-07",68478274
"TCGA-BH-A0EI-01A-11R-A115-07",56766178
"TCGA-BH-A0GY-01A-11R-A056-07",45806729
"TCGA-BH-A0GZ-01A-11R-A056-07",49736297
"TCGA-BH-A0H0-01A-11R-A056-07",73573671
"TCGA-BH-A0H3-01A-11R-A12P-07",63531176
"TCGA-BH-A0H5-01A-21R-A115-07",54233055
"TCGA-BH-A0H6-01A-21R-A056-07",49654869
"TCGA-BH-A0H7-01A-13R-A056-07",71277238
"TCGA-BH-A0H9-01A-11R-A056-07",49543060
"TCGA-BH-A0HA-01A-11R-A12P-07",49411360
"TCGA-BH-A0HB-01A-11R-A056-07",46281649
"TCGA-BH-A0HF-01A-11R-A056-07",47545365
"TCGA-BH-A0HI-01A-11R-A084-07",56532989
"TCGA-BH-A0HK-01A-11R-A056-07",46505414
"TCGA-BH-A0HL-01A-11R-A10U-07",60643722
"TCGA-BH-A0HN-01A-11R-A10U-07",41660369
"TCGA-BH-A0HO-01A-11R-A034-07",77516847
"TCGA-BH-A0HP-01A-12R-A084-07",65019538
"TCGA-BH-A0HQ-01A-11R-A034-07",46417646
"TCGA-BH-A0HU-01A-11R-A034-07",60605947
"TCGA-BH-A0HW-01A-11R-A034-07",69344705
"TCGA-BH-A0HX-01A-21R-A056-07",52717009
"TCGA-BH-A0HY-01A-11R-A056-07",60297585
"TCGA-BH-A0RX-01A-21R-A084-07",48497419
"TCGA-BH-A0W3-01A-11R-A109-07",40133027
"TCGA-BH-A0W4-01A-11R-A109-07",62105534
"TCGA-BH-A0W5-01A-11R-A109-07",58614558
"TCGA-BH-A0W7-01A-11R-A115-07",51069574
"TCGA-BH-A0WA-01A-11R-A109-07",59030783
"TCGA-BH-A18F-01A-11R-A12D-07",48052815
"TCGA-BH-A18G-01A-11R-A12D-07",38201082
"TCGA-BH-A18H-01A-11R-A12D-07",41748828
"TCGA-BH-A18I-01A-11R-A12D-07",74872189
"TCGA-BH-A18J-01A-11R-A12D-07",60119413
"TCGA-BH-A18K-01A-11R-A12D-07",59601729
"TCGA-BH-A18L-01A-32R-A12D-07",67394678
"TCGA-BH-A18M-01A-11R-A12D-07",55418051
"TCGA-BH-A18N-01A-11R-A12D-07",56840923
"TCGA-BH-A18P-01A-11R-A12D-07",51250068
"TCGA-BH-A18Q-01A-12R-A12D-07",47738307
"TCGA-BH-A18R-01A-11R-A12D-07",70171584
"TCGA-BH-A18S-01A-11R-A12D-07",58936097
"TCGA-BH-A18T-01A-11R-A12D-07",67062953
"TCGA-BH-A18U-01A-21R-A12D-07",60400132
"TCGA-BH-A18V-01A-11R-A12D-07",61023767
"TCGA-BH-A1EN-01A-11R-A13Q-07",67657536
"TCGA-BH-A1EO-01A-11R-A137-07",36484483
"TCGA-BH-A1ES-01A-11R-A137-07",23194341
"TCGA-BH-A1ET-01A-11R-A137-07",92792900
"TCGA-BH-A1EU-01A-11R-A137-07",98266886
"TCGA-BH-A1EV-01A-11R-A137-07",56957111
"TCGA-BH-A1EW-01A-11R-A137-07",53565835
"TCGA-BH-A1EX-01A-11R-A13Q-07",86546041
"TCGA-BH-A1EY-01A-11R-A13Q-07",42808931
"TCGA-BH-A1F0-01A-11R-A137-07",95714241
"TCGA-BH-A1F2-01A-31R-A13Q-07",73148829
"TCGA-BH-A1F5-01A-12R-A13Q-07",61928103
"TCGA-BH-A1F6-01A-11R-A13Q-07",42724015
"TCGA-BH-A1F8-01A-11R-A13Q-07",75805403
"TCGA-BH-A1FB-01A-11R-A13Q-07",70263598
"TCGA-BH-A1FC-01A-11R-A13Q-07",71013361
"TCGA-BH-A1FD-01A-11R-A13Q-07",70847888
"TCGA-BH-A1FE-01A-11R-A13Q-07",76915667
"TCGA-BH-A1FG-01A-11R-A13Q-07",63187072
"TCGA-BH-A1FH-01A-12R-A13Q-07",70026731
"TCGA-BH-A1FJ-01A-11R-A13Q-07",69043739
"TCGA-BH-A1FL-01A-11R-A13Q-07",67513307
"TCGA-BH-A1FM-01A-11R-A13Q-07",66508372
"TCGA-BH-A1FN-01A-11R-A13Q-07",42730192
"TCGA-BH-A1FR-01A-11R-A13Q-07",40235184
"TCGA-BH-A1FU-01A-11R-A14D-07",48486916
"TCGA-BH-A201-01A-11R-A14M-07",67347420
"TCGA-BH-A202-01A-11R-A14M-07",86517431
"TCGA-BH-A203-01A-12R-A169-07",62877552
"TCGA-BH-A204-01A-11R-A157-07",94790457
"TCGA-BH-A208-01A-11R-A157-07",63499146
"TCGA-BH-A209-01A-11R-A157-07",72412249
"TCGA-BH-A28O-01A-11R-A22K-07",55548704
"TCGA-BH-A28Q-01A-11R-A16F-07",79631256
"TCGA-BH-A2L8-01A-11R-A18M-07",55671685
"TCGA-BH-A42T-01A-11R-A24H-07",64481303
"TCGA-BH-A42U-01A-12R-A24H-07",65138173
"TCGA-BH-A42V-01A-11R-A24H-07",67961346
"TCGA-BH-A5IZ-01A-11R-A27Q-07",47283987
"TCGA-BH-A5J0-01A-11R-A27Q-07",47452526
"TCGA-BH-A6R8-01A-21R-A33J-07",56786446
"TCGA-BH-A6R9-01A-21R-A32P-07",60421867
"TCGA-BH-A8FY-01A-11R-A36F-07",37950183
"TCGA-BH-A8FZ-01A-11R-A352-07",49144799
"TCGA-BH-A8G0-01A-11R-A352-07",42898181
"TCGA-BH-AB28-01A-31R-A41B-07",47229472
"TCGA-C8-A12K-01A-21R-A115-07",65918159
"TCGA-C8-A12L-01A-11R-A115-07",51554911
"TCGA-C8-A12M-01A-11R-A115-07",40081402
"TCGA-C8-A12N-01A-11R-A115-07",54178789
"TCGA-C8-A12O-01A-11R-A115-07",62609579
"TCGA-C8-A12P-01A-11R-A115-07",55593998
"TCGA-C8-A12Q-01A-11R-A115-07",69569467
"TCGA-C8-A12T-01A-11R-A115-07",52321933
"TCGA-C8-A12U-01A-11R-A115-07",46538531
"TCGA-C8-A12V-01A-11R-A115-07",50055578
"TCGA-C8-A12W-01A-11R-A115-07",49235624
"TCGA-C8-A12X-01A-11R-A115-07",28041579
"TCGA-C8-A12Y-01A-11R-A12D-07",72771527
"TCGA-C8-A12Z-01A-11R-A115-07",47771499
"TCGA-C8-A130-01A-31R-A115-07",55942199
"TCGA-C8-A131-01A-11R-A115-07",48123528
"TCGA-C8-A132-01A-31R-A115-07",55165517
"TCGA-C8-A133-01A-32R-A12D-07",49138448
"TCGA-C8-A134-01A-11R-A115-07",90759134
"TCGA-C8-A135-01A-11R-A115-07",49970565
"TCGA-C8-A137-01A-11R-A115-07",40724218
"TCGA-C8-A138-01A-11R-A115-07",47318276
"TCGA-C8-A1HE-01A-11R-A13Q-07",75040755
"TCGA-C8-A1HF-01A-11R-A137-07",73044410
"TCGA-C8-A1HG-01A-11R-A137-07",28901364
"TCGA-C8-A1HI-01A-11R-A137-07",82576996
"TCGA-C8-A1HJ-01A-11R-A13Q-07",70022620
"TCGA-C8-A1HK-01A-21R-A13Q-07",40656855
"TCGA-C8-A1HL-01A-11R-A137-07",41296534
"TCGA-C8-A1HM-01A-12R-A137-07",41665033
"TCGA-C8-A1HN-01A-11R-A137-07",73958472
"TCGA-C8-A1HO-01A-11R-A13Q-07",66232342
"TCGA-C8-A26V-01A-11R-A16F-07",89476253
"TCGA-C8-A26W-01A-11R-A16F-07",72749258
"TCGA-C8-A26X-01A-31R-A16F-07",57975938
"TCGA-C8-A26Y-01A-11R-A16F-07",69949974
"TCGA-C8-A26Z-01A-11R-A16F-07",69068989
"TCGA-C8-A273-01A-11R-A16F-07",70613918
"TCGA-C8-A274-01A-11R-A16F-07",74238713
"TCGA-C8-A275-01A-21R-A16F-07",72547979
"TCGA-C8-A278-01A-11R-A169-07",70723227
"TCGA-C8-A27A-01A-11R-A169-07",77438797
"TCGA-C8-A27B-01A-11R-A169-07",78466412
"TCGA-C8-A3M7-01A-12R-A21T-07",60300611
"TCGA-C8-A3M8-01A-11R-A213-07",79649201
"TCGA-C8-A8HP-01A-11R-A36F-07",37459211
"TCGA-C8-A8HQ-01A-11R-A36F-07",62097622
"TCGA-C8-A8HR-01A-11R-A36F-07",45763676
"TCGA-D8-A13Y-01A-11R-A115-07",51998549
"TCGA-D8-A13Z-01A-11R-A115-07",72880604
"TCGA-D8-A140-01A-11R-A115-07",51199868
"TCGA-D8-A141-01A-11R-A115-07",64147517
"TCGA-D8-A142-01A-11R-A115-07",84230623
"TCGA-D8-A143-01A-11R-A115-07",52151877
"TCGA-D8-A145-01A-11R-A115-07",49379358
"TCGA-D8-A146-01A-31R-A115-07",58976061
"TCGA-D8-A147-01A-11R-A115-07",58271170
"TCGA-D8-A1J8-01A-11R-A13Q-07",72588771
"TCGA-D8-A1J9-01A-11R-A13Q-07",86114524
"TCGA-D8-A1JA-01A-11R-A13Q-07",78696124
"TCGA-D8-A1JB-01A-11R-A13Q-07",43345613
"TCGA-D8-A1JC-01A-11R-A13Q-07",79558166
"TCGA-D8-A1JD-01A-11R-A13Q-07",84622143
"TCGA-D8-A1JE-01A-11R-A13Q-07",76037985
"TCGA-D8-A1JF-01A-11R-A13Q-07",77974459
"TCGA-D8-A1JG-01B-11R-A13Q-07",83837698
"TCGA-D8-A1JH-01A-11R-A13Q-07",80600401
"TCGA-D8-A1JI-01A-11R-A13Q-07",48304628
"TCGA-D8-A1JJ-01A-31R-A14M-07",68972193
"TCGA-D8-A1JK-01A-11R-A13Q-07",46260077
"TCGA-D8-A1JL-01A-11R-A13Q-07",80811517
"TCGA-D8-A1JM-01A-11R-A13Q-07",70124444
"TCGA-D8-A1JN-01A-11R-A13Q-07",39697724
"TCGA-D8-A1JP-01A-11R-A13Q-07",43015476
"TCGA-D8-A1JS-01A-11R-A13Q-07",61397390
"TCGA-D8-A1JT-01A-31R-A13Q-07",70641715
"TCGA-D8-A1JU-01A-11R-A13Q-07",66339210
"TCGA-D8-A1X5-01A-11R-A14D-07",49130203
"TCGA-D8-A1X6-01A-11R-A14M-07",73860700
"TCGA-D8-A1X7-01A-11R-A14M-07",70839643
"TCGA-D8-A1X8-01A-11R-A14M-07",60420578
"TCGA-D8-A1X9-01A-12R-A157-07",80838929
"TCGA-D8-A1XA-01A-11R-A14D-07",50063541
"TCGA-D8-A1XB-01A-11R-A14D-07",44710469
"TCGA-D8-A1XC-01A-11R-A14D-07",46428700
"TCGA-D8-A1XD-01A-11R-A14D-07",46152458
"TCGA-D8-A1XF-01A-11R-A14D-07",56847873
"TCGA-D8-A1XG-01A-11R-A14D-07",53486293
"TCGA-D8-A1XJ-01A-11R-A14M-07",72658130
"TCGA-D8-A1XK-01A-21R-A14M-07",71287257
"TCGA-D8-A1XL-01A-11R-A14M-07",64169165
"TCGA-D8-A1XM-01A-21R-A14M-07",75857932
"TCGA-D8-A1XO-01A-11R-A14M-07",72445421
"TCGA-D8-A1XQ-01A-11R-A14M-07",70022626
"TCGA-D8-A1XR-01A-11R-A14M-07",78039876
"TCGA-D8-A1XS-01A-11R-A14M-07",71039693
"TCGA-D8-A1XT-01A-11R-A14M-07",76895073
"TCGA-D8-A1XU-01A-11R-A14M-07",88326654
"TCGA-D8-A1XV-01A-11R-A14M-07",46516455
"TCGA-D8-A1XW-01A-11R-A14M-07",70736848
"TCGA-D8-A1XY-01A-11R-A14M-07",62591448
"TCGA-D8-A1XZ-01A-11R-A14M-07",71838630
"TCGA-D8-A1Y0-01A-11R-A14M-07",83067848
"TCGA-D8-A1Y1-01A-21R-A14M-07",79068257
"TCGA-D8-A1Y2-01A-11R-A157-07",67107939
"TCGA-D8-A1Y3-01A-11R-A157-07",66624532
"TCGA-D8-A27E-01A-11R-A16F-07",74718946
"TCGA-D8-A27F-01A-11R-A16F-07",74996428
"TCGA-D8-A27G-01A-11R-A16F-07",66640738
"TCGA-D8-A27H-01A-11R-A16F-07",67126816
"TCGA-D8-A27I-01A-11R-A16F-07",72167400
"TCGA-D8-A27K-01A-11R-A16F-07",62618687
"TCGA-D8-A27L-01A-11R-A16F-07",76274003
"TCGA-D8-A27M-01A-11R-A16F-07",70357127
"TCGA-D8-A27N-01A-11R-A16F-07",68083671
"TCGA-D8-A27P-01A-11R-A16F-07",50768201
"TCGA-D8-A27R-01A-11R-A16F-07",74378583
"TCGA-D8-A27T-01A-11R-A16F-07",64589084
"TCGA-D8-A27V-01A-12R-A17B-07",97239275
"TCGA-D8-A27W-01A-11R-A16F-07",86315072
"TCGA-D8-A3Z5-01A-41R-A24H-07",56636721
"TCGA-D8-A3Z6-01A-11R-A239-07",61705884
"TCGA-D8-A4Z1-01A-21R-A266-07",35622456
"TCGA-D8-A73U-01A-11R-A33J-07",47983045
"TCGA-D8-A73W-01A-22R-A352-07",48333819
"TCGA-D8-A73X-01A-11R-A32P-07",55791687
"TCGA-E2-A105-01A-11R-A10J-07",62086075
"TCGA-E2-A106-01A-11R-A10J-07",57347551
"TCGA-E2-A107-01A-11R-A10J-07",57202127
"TCGA-E2-A108-01A-13R-A10J-07",48146854
"TCGA-E2-A109-01A-11R-A10J-07",63895466
"TCGA-E2-A10A-01A-21R-A115-07",59704458
"TCGA-E2-A10B-01A-11R-A10J-07",69901319
"TCGA-E2-A10C-01A-21R-A10J-07",46372736
"TCGA-E2-A10E-01A-21R-A10J-07",66209083
"TCGA-E2-A10F-01A-11R-A10J-07",56062093
"TCGA-E2-A14N-01A-31R-A137-07",48518202
"TCGA-E2-A14O-01A-31R-A115-07",57622032
"TCGA-E2-A14P-01A-31R-A12D-07",52408361
"TCGA-E2-A14Q-01A-11R-A12D-07",59480109
"TCGA-E2-A14R-01A-11R-A115-07",49002274
"TCGA-E2-A14S-01A-11R-A12D-07",66917562
"TCGA-E2-A14T-01A-11R-A115-07",80261818
"TCGA-E2-A14U-01A-11R-A22K-07",60901116
"TCGA-E2-A14V-01A-11R-A12D-07",63102577
"TCGA-E2-A14W-01A-11R-A12D-07",44418585
"TCGA-E2-A14X-01A-11R-A115-07",91926121
"TCGA-E2-A14Y-01A-21R-A12D-07",41949340
"TCGA-E2-A14Z-01A-11R-A115-07",47481696
"TCGA-E2-A150-01A-11R-A12D-07",51597914
"TCGA-E2-A152-01A-11R-A12D-07",55096320
"TCGA-E2-A153-01A-12R-A12D-07",41529000
"TCGA-E2-A154-01A-11R-A115-07",40025762
"TCGA-E2-A155-01A-11R-A12D-07",74954414
"TCGA-E2-A156-01A-11R-A12D-07",24769286
"TCGA-E2-A158-01A-11R-A12D-07",63081843
"TCGA-E2-A159-01A-11R-A115-07",57860813
"TCGA-E2-A15A-01A-11R-A12D-07",63585788
"TCGA-E2-A15C-01A-31R-A12D-07",51335420
"TCGA-E2-A15D-01A-11R-A115-07",57187521
"TCGA-E2-A15E-01A-11R-A12D-07",39701614
"TCGA-E2-A15F-01A-11R-A115-07",46848076
"TCGA-E2-A15G-01A-11R-A12D-07",44776054
"TCGA-E2-A15H-01A-11R-A12D-07",51407800
"TCGA-E2-A15I-01A-21R-A137-07",55263342
"TCGA-E2-A15J-01A-11R-A12P-07",59694531
"TCGA-E2-A15K-01A-11R-A12P-07",48990611
"TCGA-E2-A15L-01A-11R-A12D-07",64245193
"TCGA-E2-A15M-01A-11R-A12D-07",100608368
"TCGA-E2-A15O-01A-11R-A115-07",46478292
"TCGA-E2-A15P-01A-11R-A115-07",75741160
"TCGA-E2-A15R-01A-11R-A115-07",83640615
"TCGA-E2-A15S-01A-11R-A115-07",72397346
"TCGA-E2-A15T-01A-11R-A115-07",62115420
"TCGA-E2-A1AZ-01A-11R-A12P-07",26354208
"TCGA-E2-A1B0-01A-11R-A12P-07",114015705
"TCGA-E2-A1B1-01A-21R-A12P-07",103733006
"TCGA-E2-A1B4-01A-11R-A12P-07",74322790
"TCGA-E2-A1B5-01A-21R-A12P-07",53558608
"TCGA-E2-A1B6-01A-31R-A12P-07",91869891
"TCGA-E2-A1BC-01A-11R-A12P-07",25607159
"TCGA-E2-A1BD-01A-11R-A12P-07",81176331
"TCGA-E2-A1IE-01A-11R-A13Q-07",79807159
"TCGA-E2-A1IF-01A-11R-A144-07",52041336
"TCGA-E2-A1IG-01A-11R-A144-07",52457220
"TCGA-E2-A1IH-01A-11R-A13Q-07",67935623
"TCGA-E2-A1II-01A-11R-A144-07",36082244
"TCGA-E2-A1IJ-01A-11R-A144-07",34444102
"TCGA-E2-A1IK-01A-11R-A144-07",37522531
"TCGA-E2-A1IL-01A-11R-A14D-07",41477086
"TCGA-E2-A1IN-01A-11R-A13Q-07",82273370
"TCGA-E2-A1IO-01A-11R-A144-07",56568803
"TCGA-E2-A1IU-01A-11R-A14D-07",45815160
"TCGA-E2-A1L6-01A-11R-A13Q-07",63778359
"TCGA-E2-A1L7-01A-11R-A144-07",41285188
"TCGA-E2-A1L8-01A-11R-A13Q-07",67395168
"TCGA-E2-A1L9-01A-11R-A13Q-07",77679100
"TCGA-E2-A1LA-01A-11R-A144-07",50177009
"TCGA-E2-A1LB-01A-11R-A144-07",50137227
"TCGA-E2-A1LE-01A-12R-A19W-07",52411078
"TCGA-E2-A1LG-01A-21R-A14M-07",72302713
"TCGA-E2-A1LH-01A-11R-A14D-07",34630446
"TCGA-E2-A1LI-01A-12R-A157-07",72862289
"TCGA-E2-A1LK-01A-21R-A14D-07",35423085
"TCGA-E2-A1LL-01A-11R-A144-07",38038573
"TCGA-E2-A1LS-01A-12R-A157-07",68637241
"TCGA-E2-A2P5-01A-11R-A19W-07",56782818
"TCGA-E2-A2P6-01A-11R-A19W-07",65434759
"TCGA-E2-A3DX-01A-21R-A213-07",66667110
"TCGA-E2-A56Z-01A-12R-A29R-07",46540815
"TCGA-E2-A570-01A-11R-A29R-07",42092743
"TCGA-E2-A572-01A-13R-A31O-07",45812002
"TCGA-E2-A573-01A-11R-A29R-07",49222140
"TCGA-E2-A574-01A-11R-A29R-07",45071175
"TCGA-E2-A576-01A-11R-A31O-07",48421301
"TCGA-E2-A9RU-01A-11R-A41B-07",35063371
"TCGA-E9-A1N3-01A-12R-A157-07",76838155
"TCGA-E9-A1N4-01A-11R-A14M-07",86452583
"TCGA-E9-A1N5-01A-11R-A14D-07",39747929
"TCGA-E9-A1N6-01A-11R-A144-07",45703777
"TCGA-E9-A1N8-01A-11R-A144-07",42436382
"TCGA-E9-A1N9-01A-11R-A14D-07",45017430
"TCGA-E9-A1NA-01A-11R-A144-07",68452357
"TCGA-E9-A1NC-01A-21R-A26B-07",51449402
"TCGA-E9-A1ND-01A-11R-A144-07",43633285
"TCGA-E9-A1NE-01A-21R-A14M-07",75688176
"TCGA-E9-A1NF-01A-11R-A14D-07",42424379
"TCGA-E9-A1NG-01A-21R-A14M-07",73281826
"TCGA-E9-A1NH-01A-11R-A14D-07",46885623
"TCGA-E9-A1NI-01A-11R-A14D-07",41291428
"TCGA-E9-A1QZ-01A-21R-A169-07",66646126
"TCGA-E9-A1R0-01A-22R-A16F-07",70913309
"TCGA-E9-A1R2-01A-11R-A14D-07",43025309
"TCGA-E9-A1R3-01A-31R-A14M-07",84502983
"TCGA-E9-A1R4-01A-21R-A14D-07",50077273
"TCGA-E9-A1R5-01A-11R-A14M-07",66851741
"TCGA-E9-A1R6-01A-11R-A14D-07",53338620
"TCGA-E9-A1R7-01A-11R-A14M-07",61277563
"TCGA-E9-A1RA-01A-11R-A14D-07",43839021
"TCGA-E9-A1RB-01A-11R-A157-07",81642728
"TCGA-E9-A1RC-01A-11R-A157-07",83040006
"TCGA-E9-A1RD-01A-11R-A157-07",79509582
"TCGA-E9-A1RE-01A-11R-A157-07",71141256
"TCGA-E9-A1RF-01A-11R-A157-07",68069517
"TCGA-E9-A1RG-01A-11R-A14D-07",48125514
"TCGA-E9-A1RH-01A-21R-A169-07",71412833
"TCGA-E9-A1RI-01A-11R-A169-07",66317460
"TCGA-E9-A226-01A-21R-A157-07",59637526
"TCGA-E9-A227-01A-11R-A157-07",68905990
"TCGA-E9-A228-01A-31R-A157-07",72709086
"TCGA-E9-A229-01A-31R-A157-07",75708673
"TCGA-E9-A22A-01A-11R-A157-07",81338523
"TCGA-E9-A22B-01A-11R-A157-07",77262500
"TCGA-E9-A22D-01A-11R-A157-07",81573287
"TCGA-E9-A22E-01A-11R-A157-07",69791641
"TCGA-E9-A22G-01A-11R-A157-07",69359550
"TCGA-E9-A22H-01A-11R-A157-07",79113115
"TCGA-E9-A243-01A-21R-A169-07",103495522
"TCGA-E9-A244-01A-11R-A169-07",66872593
"TCGA-E9-A245-01A-22R-A16F-07",35160548
"TCGA-E9-A247-01A-11R-A169-07",69021600
"TCGA-E9-A248-01A-11R-A169-07",66430665
"TCGA-E9-A249-01A-11R-A169-07",76042669
"TCGA-E9-A24A-01A-11R-A169-07",67176659
"TCGA-E9-A295-01A-11R-A16F-07",43572582
"TCGA-E9-A2JS-01A-11R-A180-07",61692891
"TCGA-E9-A2JT-01A-22R-A18M-07",28011916
"TCGA-E9-A3HO-01A-11R-A213-07",55108977
"TCGA-E9-A3Q9-01A-11R-A21T-07",60124135
"TCGA-E9-A3QA-01A-61R-A22K-07",66691781
"TCGA-E9-A3X8-01A-31R-A22U-07",52043943
"TCGA-E9-A54X-01A-11R-A266-07",37838273
"TCGA-E9-A54Y-01A-11R-A466-07",41527395
"TCGA-E9-A5FK-01A-11R-A27Q-07",44897975
"TCGA-E9-A5FL-01A-11R-A27Q-07",40676279
"TCGA-E9-A5UO-01A-11R-A28M-07",47262391
"TCGA-E9-A5UP-01A-11R-A28M-07",47188437
"TCGA-E9-A6HE-01A-11R-A31O-07",55866984
"TCGA-EW-A1IW-01A-11R-A13Q-07",72545720
"TCGA-EW-A1IX-01A-12R-A144-07",56748066
"TCGA-EW-A1IY-01A-11R-A13Q-07",75239776
"TCGA-EW-A1IZ-01A-11R-A13Q-07",47259120
"TCGA-EW-A1J1-01A-11R-A13Q-07",75278361
"TCGA-EW-A1J2-01A-21R-A13Q-07",81329816
"TCGA-EW-A1J3-01A-11R-A13Q-07",69634228
"TCGA-EW-A1J5-01A-11R-A13Q-07",78201045
"TCGA-EW-A1J6-01A-11R-A13Q-07",66406606
"TCGA-EW-A1OV-01A-11R-A144-07",41606539
"TCGA-EW-A1OW-01A-21R-A144-07",41539916
"TCGA-EW-A1OX-01A-11R-A144-07",46730612
"TCGA-EW-A1OY-01A-11R-A144-07",41786959
"TCGA-EW-A1OZ-01A-11R-A144-07",66736282
"TCGA-EW-A1P0-01A-11R-A144-07",43766339
"TCGA-EW-A1P1-01A-31R-A14D-07",41673122
"TCGA-EW-A1P3-01A-11R-A144-07",39173574
"TCGA-EW-A1P4-01A-21R-A144-07",57196716
"TCGA-EW-A1P5-01A-11R-A144-07",51739554
"TCGA-EW-A1P6-01A-11R-A144-07",38613094
"TCGA-EW-A1P7-01A-21R-A144-07",52328936
"TCGA-EW-A1P8-01A-11R-A144-07",55390836
"TCGA-EW-A1PA-01A-11R-A144-07",44354802
"TCGA-EW-A1PB-01A-11R-A144-07",63037528
"TCGA-EW-A1PC-01B-11R-A21T-07",81790811
"TCGA-EW-A1PD-01A-11R-A144-07",59988445
"TCGA-EW-A1PE-01A-11R-A144-07",66125200
"TCGA-EW-A1PF-01A-11R-A144-07",60389645
"TCGA-EW-A1PG-01A-11R-A144-07",37821942
"TCGA-EW-A1PH-01A-11R-A14M-07",60751334
"TCGA-EW-A2FR-01A-11R-A21T-07",77781568
"TCGA-EW-A2FS-01A-11R-A17B-07",64292807
"TCGA-EW-A2FV-01A-11R-A17B-07",73448474
"TCGA-EW-A2FW-01A-11R-A17B-07",54113391
"TCGA-EW-A3E8-01B-11R-A24H-07",68178591
"TCGA-EW-A3U0-01A-11R-A22K-07",54279007
"TCGA-EW-A423-01A-11R-A24H-07",64275629
"TCGA-EW-A424-01A-11R-A24H-07",63429873
"TCGA-EW-A6S9-01A-22R-A33J-07",56765993
"TCGA-EW-A6SA-01A-21R-A32P-07",62821941
"TCGA-EW-A6SB-01A-12R-A32P-07",41754714
"TCGA-EW-A6SC-01A-12R-A32P-07",48722725
"TCGA-EW-A6SD-01A-12R-A33J-07",54181407
"TCGA-GI-A2C8-01A-11R-A16F-07",69097467
"TCGA-GI-A2C9-01A-11R-A21T-07",62102747
"TCGA-GM-A2D9-01A-11R-A18M-07",30486118
"TCGA-GM-A2DA-01A-11R-A18M-07",23720549
"TCGA-GM-A2DB-01A-31R-A18M-07",33917092
"TCGA-GM-A2DC-01A-11R-A18M-07",37671238
"TCGA-GM-A2DD-01A-11R-A180-07",51048505
"TCGA-GM-A2DF-01A-11R-A180-07",53603929
"TCGA-GM-A2DH-01A-11R-A180-07",70745107
"TCGA-GM-A2DI-01A-31R-A18M-07",24823576
"TCGA-GM-A2DK-01A-21R-A180-07",49687393
"TCGA-GM-A2DL-01A-11R-A18M-07",46968987
"TCGA-GM-A2DM-01A-11R-A180-07",54181673
"TCGA-GM-A2DN-01A-11R-A180-07",54916887
"TCGA-GM-A2DO-01A-11R-A18M-07",21317570
"TCGA-GM-A3NW-01A-21R-A22K-07",54382790
"TCGA-GM-A3NY-01A-11R-A21T-07",65591531
"TCGA-GM-A3XG-01A-31R-A24H-07",57609702
"TCGA-GM-A3XL-01A-11R-A22U-07",62046096
"TCGA-GM-A3XN-01A-12R-A22U-07",61257923
"TCGA-GM-A4E0-01A-12R-A266-07",31193450
"TCGA-GM-A5PV-01A-11R-A28M-07",48977530
"TCGA-GM-A5PX-01A-12R-A28M-07",48065223
"TCGA-HN-A2NL-01A-11R-A18M-07",60590896
"TCGA-HN-A2OB-01A-21R-A27Q-07",46437961
"TCGA-JL-A3YW-01A-12R-A239-07",66751614
"TCGA-JL-A3YX-01A-11R-A22U-07",66084207
"TCGA-LD-A66U-01A-11R-A31O-07",58455210
"TCGA-LD-A74U-01A-13R-A33J-07",51565432
"TCGA-LD-A7W5-01A-22R-A352-07",62879551
"TCGA-LD-A7W6-01A-81R-A352-07",49423851
"TCGA-LD-A9QF-01A-32R-A41B-07",46989776
"TCGA-LL-A440-01A-11R-A24H-07",66792404
"TCGA-LL-A441-01A-11R-A24H-07",63042246
"TCGA-LL-A442-01A-11R-A24H-07",76623197
"TCGA-LL-A50Y-01A-11R-A266-07",36267491
"TCGA-LL-A5YL-01A-12R-A29R-07",48789646
"TCGA-LL-A5YM-01A-11R-A28M-07",45427308
"TCGA-LL-A5YN-01A-11R-A28M-07",42145755
"TCGA-LL-A5YO-01A-21R-A28M-07",39036675
"TCGA-LL-A5YP-01A-21R-A28M-07",45126615
"TCGA-LL-A6FP-01A-11R-A31O-07",60429672
"TCGA-LL-A6FQ-01A-11R-A31O-07",51215210
"TCGA-LL-A6FR-01A-12R-A31O-07",39765404
"TCGA-LL-A73Y-01A-11R-A33J-07",59733332
"TCGA-LL-A73Z-01A-11R-A32P-07",45648045
"TCGA-LL-A740-01A-21R-A32P-07",52469111
"TCGA-LL-A7SZ-01A-32R-A352-07",38707030
"TCGA-LL-A7T0-01A-31R-A352-07",42936789
"TCGA-LL-A8F5-01A-11R-A36F-07",49371462
"TCGA-LL-A9Q3-01A-11R-A41B-07",42354029
"TCGA-LQ-A4E4-01A-11R-A266-07",39446127
"TCGA-MS-A51U-01A-31R-A266-07",39492291
"TCGA-OK-A5Q2-01A-11R-A27Q-07",49447291
"TCGA-OL-A5D6-01A-21R-A27Q-07",47249949
"TCGA-OL-A5D7-01A-11R-A27Q-07",41956539
"TCGA-OL-A5D8-01A-11R-A27Q-07",47745038
"TCGA-OL-A5DA-01A-11R-A27Q-07",46438601
"TCGA-OL-A5RU-01A-11R-A28M-07",45776216
"TCGA-OL-A5RV-01A-12R-A28M-07",44903527
"TCGA-OL-A5RW-01A-11R-A28M-07",43858931
"TCGA-OL-A5RX-01A-11R-A28M-07",44831066
"TCGA-OL-A5RY-01A-21R-A28M-07",41260859
"TCGA-OL-A5RZ-01A-11R-A28M-07",42149405
"TCGA-OL-A5S0-01A-11R-A28M-07",40122412
"TCGA-OL-A66H-01A-11R-A29R-07",47612413
"TCGA-OL-A66I-01A-21R-A29R-07",48457531
"TCGA-OL-A66J-01A-11R-A29R-07",44569453
"TCGA-OL-A66K-01A-11R-A29R-07",45958982
"TCGA-OL-A66L-01A-12R-A31O-07",47616132
"TCGA-OL-A66N-01A-12R-A31O-07",52847852
"TCGA-OL-A66O-01A-11R-A31O-07",58916844
"TCGA-OL-A66P-01A-11R-A31O-07",43188304
"TCGA-OL-A6VO-01A-12R-A33J-07",55416200
"TCGA-OL-A6VQ-01A-12R-A41B-07",19303211
"TCGA-OL-A6VR-01A-32R-A33J-07",62643168
"TCGA-OL-A97C-01A-32R-A41B-07",32050321
"TCGA-PE-A5DC-01A-12R-A27Q-07",49202920
"TCGA-PE-A5DD-01A-12R-A27Q-07",41439889
"TCGA-PE-A5DE-01A-11R-A27Q-07",43655905
"TCGA-PL-A8LV-01A-21R-A41B-07",53977118
"TCGA-PL-A8LX-01A-11R-A41B-07",47951766
"TCGA-PL-A8LY-01A-11R-A41B-07",38043344
"TCGA-PL-A8LZ-01A-31R-A36F-07",44503430
"TCGA-S3-A6ZF-01A-32R-A32P-07",58844253
"TCGA-S3-A6ZG-01A-22R-A32P-07",60114449
"TCGA-S3-A6ZH-01A-22R-A32P-07",61928599
"TCGA-S3-AA0Z-01A-11R-A41B-07",58635246
"TCGA-S3-AA10-01A-21R-A41B-07",49520244
"TCGA-S3-AA11-01A-31R-A41B-07",40689210
"TCGA-S3-AA12-01A-11R-A41B-07",37754930
"TCGA-S3-AA14-01A-11R-A41B-07",39397747
"TCGA-S3-AA15-01A-11R-A41B-07",42619743
"TCGA-S3-AA17-01A-11R-A41B-07",49334346
"TCGA-UL-AAZ6-01A-11R-A41B-07",58263215
"TCGA-UU-A93S-01A-21R-A41B-07",31179093
"TCGA-V7-A7HQ-01A-11R-A33J-07",39416678
"TCGA-W8-A86G-01A-21R-A36F-07",41912704
"TCGA-WT-AB41-01A-11R-A41B-07",29079526
"TCGA-WT-AB44-01A-11R-A41B-07",30878873
"TCGA-XX-A899-01A-11R-A36F-07",50679247
"TCGA-XX-A89A-01A-11R-A36F-07",46681518
"TCGA-Z7-A8R5-01A-42R-A41B-07",36200958
"TCGA-Z7-A8R6-01A-11R-A41B-07",54116664
